.y.,group1,group2,n1,n2,statistic,p,p.adj,p.adj.signif
Simpson_Index,Beijing,Guangxi,106,109,1.064826836059922,0.2869542986507495,1,ns
Simpson_Index,Beijing,Heilongjiang,106,135,-3.459998067653787,5.401792643087316e-4,0.03565183144437629,*
Simpson_Index,Beijing,Inner Mongolia,106,22,0.7670591548090765,0.4430463453188412,1,ns
Simpson_Index,Beijing,Jiangsu,106,602,-0.7099388955908111,0.47774202910295505,1,ns
Simpson_Index,Beijing,Liaoning,106,15,-0.0773041666701719,0.9383815763051773,1,ns
Simpson_Index,Beijing,Ningxia,106,12,-2.278614108963296,0.022690014497126168,1,ns
Simpson_Index,Beijing,Shaanxi,106,72,4.3378825299180095,1.4386200581442268e-5,9.494892383751897e-4,***
Simpson_Index,Beijing,Shanxi,106,19,-0.03949122615851379,0.9684987485729202,1,ns
Simpson_Index,Beijing,Sichuan,106,12,5.530887391367709,3.186148226578583e-8,2.102857829541865e-6,****
Simpson_Index,Beijing,Tianjin,106,12,4.990013167975425,6.037517668025643e-7,3.984761660896925e-5,****
Simpson_Index,Beijing,Yunnan,106,12,-2.9206922825400072,0.0034925460170499053,0.23050803712529375,ns
Simpson_Index,Guangxi,Heilongjiang,109,135,-4.6150037889696955,3.930881448591452e-6,2.594381756070358e-4,***
Simpson_Index,Guangxi,Inner Mongolia,109,22,0.1474087482314624,0.8828094008649857,1,ns
Simpson_Index,Guangxi,Jiangsu,109,602,-2.113826861484053,0.03453005782700004,1,ns
Simpson_Index,Guangxi,Liaoning,109,15,-0.6048848962203393,0.5452554794405156,1,ns
Simpson_Index,Guangxi,Ningxia,109,12,-2.759386475711119,0.005791000376805053,0.38220602486913346,ns
Simpson_Index,Guangxi,Shaanxi,109,72,3.4057606145503385,6.598000548521553e-4,0.04354680362024225,*
Simpson_Index,Guangxi,Shanxi,109,19,-0.6238488182515807,0.5327268756340143,1,ns
Simpson_Index,Guangxi,Sichuan,109,12,5.061067194162174,4.169162388154462e-7,2.7516471761819448e-5,****
Simpson_Index,Guangxi,Tianjin,109,12,4.51943444012675,6.200504408028124e-6,4.092332909298562e-4,***
Simpson_Index,Guangxi,Yunnan,109,12,-3.4023651099659054,6.68053241640912e-4,0.04409151394830019,*
Simpson_Index,Heilongjiang,Inner Mongolia,135,22,2.734582397114344,0.00624594607753753,0.412232441117477,ns
Simpson_Index,Heilongjiang,Jiangsu,135,602,3.9298868733519208,8.498583617530214e-5,0.005609065187569941,**
Simpson_Index,Heilongjiang,Liaoning,135,15,1.5714460592778454,0.11607907445165715,1,ns
Simpson_Index,Heilongjiang,Ningxia,135,12,-0.8133104390729258,0.41604009339789433,1,ns
Simpson_Index,Heilongjiang,Shaanxi,135,72,7.616483233334341,2.606804326009135e-14,1.720490855166029e-12,****
Simpson_Index,Heilongjiang,Shanxi,135,19,1.7923642750358986,0.07307463350873929,1,ns
Simpson_Index,Heilongjiang,Sichuan,135,12,7.082916118635161,1.4115212330824932e-12,9.316040138344455e-11,****
Simpson_Index,Heilongjiang,Tianjin,135,12,6.5360354493697965,6.317094863168991e-11,4.169282609691534e-9,****
Simpson_Index,Heilongjiang,Yunnan,135,12,-1.462518935429094,0.14359905931683617,1,ns
Simpson_Index,Inner Mongolia,Jiangsu,22,602,-1.172428606170569,0.24102502011989207,1,ns
Simpson_Index,Inner Mongolia,Liaoning,22,15,-0.6003800300235838,0.5482529936717985,1,ns
Simpson_Index,Inner Mongolia,Ningxia,22,12,-2.4346482192431007,0.014906273527237272,0.98381405279766,ns
Simpson_Index,Inner Mongolia,Shaanxi,22,72,1.9817516013639072,0.047507048757501766,1,ns
Simpson_Index,Inner Mongolia,Shanxi,22,19,-0.6052208384723663,0.5450322715828556,1,ns
Simpson_Index,Inner Mongolia,Sichuan,22,12,4.193363468683962,2.7484852672736488e-5,0.0018140002764006082,**
Simpson_Index,Inner Mongolia,Tianjin,22,12,3.7343174368481797,1.88224968284291e-4,0.012422847906763207,*
Simpson_Index,Inner Mongolia,Yunnan,22,12,-2.9795871809487777,0.0028863708171684996,0.19050047393312097,ns
Simpson_Index,Jiangsu,Liaoning,602,15,0.20449739712306048,0.8379648258144756,1,ns
Simpson_Index,Jiangsu,Ningxia,602,12,-2.1240237067716263,0.033668161276550826,1,ns
Simpson_Index,Jiangsu,Shaanxi,602,72,5.912233434117043,3.3749976583566075e-9,2.2274984545153608e-7,****
Simpson_Index,Jiangsu,Shanxi,602,19,0.27871036608247896,0.780467106645397,1,ns
Simpson_Index,Jiangsu,Sichuan,602,12,6.034760447639509,1.5919867341277867e-9,1.0507112445243392e-7,****
Simpson_Index,Jiangsu,Tianjin,602,12,5.469695437644267,4.508095722701909e-8,2.97534317698326e-6,****
Simpson_Index,Jiangsu,Yunnan,602,12,-2.794819048606042,0.005192877228977915,0.34272989711254237,ns
Simpson_Index,Liaoning,Ningxia,15,12,-1.7368745120376012,0.08240932320626787,1,ns
Simpson_Index,Liaoning,Shaanxi,15,72,2.4092437343037116,0.015985618187097254,1,ns
Simpson_Index,Liaoning,Shanxi,15,19,0.033257383817377924,0.9734693377318727,1,ns
Simpson_Index,Liaoning,Sichuan,15,12,4.404635032846466,1.0596212086824502e-5,6.993499977304171e-4,***
Simpson_Index,Liaoning,Tianjin,15,12,3.9792834011956266,6.912330323278161e-5,0.004562138013363587,**
Simpson_Index,Liaoning,Yunnan,15,12,-2.2418144536479545,0.024973366699720802,1,ns
Simpson_Index,Ningxia,Shaanxi,12,72,4.3504388748303695,1.3586532606787e-5,8.967111520479421e-4,***
Simpson_Index,Ningxia,Shanxi,12,19,1.8554708538257767,0.06352901758021333,1,ns
Simpson_Index,Ningxia,Sichuan,12,12,5.826347530049327,5.665357782788788e-9,3.7391361366406003e-7,****
Simpson_Index,Ningxia,Tianjin,12,12,5.422823541303642,5.866489852180222e-8,3.871883302438947e-6,****
Simpson_Index,Ningxia,Yunnan,12,12,-0.47902808912434364,0.6319186460140124,1,ns
Simpson_Index,Shaanxi,Shanxi,72,19,-2.6067132961301183,0.009141586810876156,0.6033447295178264,ns
Simpson_Index,Shaanxi,Sichuan,72,12,3.2780407199039274,0.0010453031536054517,0.06899000813795982,ns
Simpson_Index,Shaanxi,Tianjin,72,12,2.7497037990017525,0.005964915709223298,0.39368443680873766,ns
Simpson_Index,Shaanxi,Yunnan,72,12,-4.977633868665328,6.436626341550986e-7,4.248173385423651e-5,****
Simpson_Index,Shanxi,Sichuan,19,12,4.595236460616701,4.322588006182477e-6,2.8529080840804347e-4,***
Simpson_Index,Shanxi,Tianjin,19,12,4.148470260638108,3.347043165697953e-5,0.002209048489360649,**
Simpson_Index,Shanxi,Yunnan,19,12,-2.3858322822165143,0.017040520465207504,1,ns
Simpson_Index,Sichuan,Tianjin,12,12,-0.40352398874568546,0.6865627909715852,1,ns
Simpson_Index,Sichuan,Yunnan,12,12,-6.30537561917367,2.8749580315968404e-10,1.8974723008539148e-8,****
Simpson_Index,Tianjin,Yunnan,12,12,-5.901851630427985,3.594443524663057e-9,2.3723327262776174e-7,****
