.y.,group1,group2,n1,n2,statistic,p,p.adj,p.adj.signif
Effective_Richness,Green,Orange,12,132,-0.6337075604583902,0.5262716899600755,1,ns
Effective_Richness,Green,Pink,12,152,-0.5246541243215819,0.5998236539588313,1,ns
Effective_Richness,Green,Red,12,758,-1.7296614581671617,0.08369077860220922,0.8369077860220921,ns
Effective_Richness,Green,Yellow,12,62,-2.209130075818448,0.027165594730105286,0.27165594730105286,ns
Effective_Richness,Orange,Pink,132,152,0.28368073934332017,0.7766550563867507,1,ns
Effective_Richness,Orange,Red,132,758,-3.3099964125374424,9.329716697905646e-4,0.009329716697905647,**
Effective_Richness,Orange,Yellow,132,62,-3.284138568102288,0.00102294613317759,0.0102294613317759,*
Effective_Richness,Pink,Red,152,758,-3.892430290501662,9.924502112148264e-5,9.924502112148264e-4,***
Effective_Richness,Pink,Yellow,152,62,-3.579416798430673,3.4436186282976315e-4,0.0034436186282976317,**
Effective_Richness,Red,Yellow,758,62,-1.4645911231096256,0.14303250533358863,1,ns
