.y.,group1,group2,n1,n2,statistic,p,p.adj,p.adj.signif
Shannon_Index,Beijing,Guangxi,106,109,-1.162129789144431,0.24518274875387575,1,ns
Shannon_Index,Beijing,Heilongjiang,106,135,3.213747522327523,0.0013101482027782856,0.08646978138336685,ns
Shannon_Index,Beijing,Inner Mongolia,106,22,-1.0880773550094849,0.27656095967455624,1,ns
Shannon_Index,Beijing,Jiangsu,106,602,1.1482012303930935,0.2508855014749572,1,ns
Shannon_Index,Beijing,Liaoning,106,15,-0.29962187384314015,0.7644655973928853,1,ns
Shannon_Index,Beijing,Ningxia,106,12,3.1530976238833985,0.0016154777126816797,0.10662152903699086,ns
Shannon_Index,Beijing,Shaanxi,106,72,-4.359014937426373,1.306491960109204e-5,8.622846936720746e-4,***
Shannon_Index,Beijing,Shanxi,106,19,-0.6295653823235006,0.5289789787042827,1,ns
Shannon_Index,Beijing,Sichuan,106,12,-5.449657895378603,5.046680140796497e-8,3.330808892925688e-6,****
Shannon_Index,Beijing,Tianjin,106,12,-4.909623550080792,9.125139427423863e-7,6.022592022099749e-5,****
Shannon_Index,Beijing,Yunnan,106,12,3.5654722172601083,3.632016378836771e-4,0.023971308100322688,*
Shannon_Index,Guangxi,Heilongjiang,109,135,4.469910332795079,7.825239641872681e-6,5.16465816363597e-4,***
Shannon_Index,Guangxi,Inner Mongolia,109,22,-0.4123994464451355,0.6800466688284117,1,ns
Shannon_Index,Guangxi,Jiangsu,109,602,2.6848225449155216,0.00725683246411228,0.47895094263141047,ns
Shannon_Index,Guangxi,Liaoning,109,15,0.27551196992996557,0.782922930865128,1,ns
Shannon_Index,Guangxi,Ningxia,109,12,3.6787369343773015,2.343918795462866e-4,0.015469864050054917,*
Shannon_Index,Guangxi,Shaanxi,109,72,-3.339610066559769,8.389609778938972e-4,0.055371424540997215,ns
Shannon_Index,Guangxi,Shanxi,109,19,0.0067788267202398295,0.9945913202433131,1,ns
Shannon_Index,Guangxi,Sichuan,109,12,-4.936083226523327,7.970710397163257e-7,5.26066886212775e-5,****
Shannon_Index,Guangxi,Tianjin,109,12,-4.395291528440821,1.1062418712537085e-5,7.301196350274476e-4,***
Shannon_Index,Guangxi,Yunnan,109,12,4.091689848465187,4.2824115176875126e-5,0.0028263916016737583,**
Shannon_Index,Heilongjiang,Inner Mongolia,135,22,-2.922702681425978,0.003470076934384907,0.22902507766940386,ns
Shannon_Index,Heilongjiang,Jiangsu,135,602,-3.109541232676895,0.0018737812927036252,0.12366956531843926,ns
Shannon_Index,Heilongjiang,Liaoning,135,15,-1.8360758830842878,0.0663464345555629,1,ns
Shannon_Index,Heilongjiang,Ningxia,135,12,1.8035927837306038,0.07129516817699562,1,ns
Shannon_Index,Heilongjiang,Shaanxi,135,72,-7.419613528148453,1.1746257778696907e-13,7.75253013393996e-12,****
Shannon_Index,Heilongjiang,Shanxi,135,19,-2.3421973245022887,0.019170576372169613,1,ns
Shannon_Index,Heilongjiang,Sichuan,135,12,-6.894696933966135,5.3979758413225305e-12,3.56266405527287e-10,****
Shannon_Index,Heilongjiang,Tianjin,135,12,-6.348665469699904,2.1719074359517565e-10,1.4334589077281592e-8,****
Shannon_Index,Heilongjiang,Yunnan,135,12,2.2205468256508514,0.026381670777989346,1,ns
Shannon_Index,Inner Mongolia,Jiangsu,22,602,1.7315913951740225,0.08334633936850516,1,ns
Shannon_Index,Inner Mongolia,Liaoning,22,15,0.5144566696097397,0.6069327473930924,1,ns
Shannon_Index,Inner Mongolia,Ningxia,22,12,3.3864040198016183,7.081504301048879e-4,0.046737928386922596,*
Shannon_Index,Inner Mongolia,Shaanxi,22,72,-1.6862660032424832,0.09174457603913724,1,ns
Shannon_Index,Inner Mongolia,Shanxi,22,19,0.3131503672407438,0.7541664244704732,1,ns
Shannon_Index,Inner Mongolia,Sichuan,22,12,-3.9148512687249073,9.045995264225303e-5,0.0059703568743887,**
Shannon_Index,Inner Mongolia,Tianjin,22,12,-3.4565180508666087,5.47202557137769e-4,0.036115368771092754,*
Shannon_Index,Inner Mongolia,Yunnan,22,12,3.7363909715410033,1.8668033664074154e-4,0.01232090221828894,*
Shannon_Index,Jiangsu,Liaoning,602,15,-0.7788894326747277,0.4360448493457794,1,ns
Shannon_Index,Jiangsu,Ningxia,602,12,2.879273825660665,0.0039859208594872604,0.2630707767261592,ns
Shannon_Index,Jiangsu,Shaanxi,602,72,-6.308312099103961,2.8209493211181376e-10,1.861826551937971e-8,****
Shannon_Index,Jiangsu,Shanxi,602,19,-1.1921786335150601,0.23319120947373972,1,ns
Shannon_Index,Jiangsu,Sichuan,602,12,-6.1082429078789655,1.0073396151526026e-9,6.648441460007178e-8,****
Shannon_Index,Jiangsu,Tianjin,602,12,-5.54405533981629,2.9554536030278655e-8,1.950599377998391e-6,****
Shannon_Index,Jiangsu,Yunnan,602,12,3.310092015269955,9.326530594084728e-4,0.061555101920959206,ns
Shannon_Index,Liaoning,Ningxia,15,12,2.6930569978907744,0.007080016415956364,0.46728108345312,ns
Shannon_Index,Liaoning,Shaanxi,15,72,-2.0542592291292094,0.0399506085487195,1,ns
Shannon_Index,Liaoning,Shanxi,15,19,-0.21479311293564252,0.8299286226658908,1,ns
Shannon_Index,Liaoning,Sichuan,15,12,-4.072279449206689,4.655527607713845e-5,0.0030726482210911375,**
Shannon_Index,Liaoning,Tianjin,15,12,-3.647588310332954,2.6471334132911615e-4,0.017471080527721665,*
Shannon_Index,Liaoning,Yunnan,15,12,3.017354586050967,0.0025499134752103823,0.16829428936388524,ns
Shannon_Index,Ningxia,Shaanxi,12,72,-5.215002521224469,1.8381473504167519e-7,1.2131772512750563e-5,****
Shannon_Index,Ningxia,Shanxi,12,19,-3.029838612741919,0.0024468444859014325,0.16149173606949455,ns
Shannon_Index,Ningxia,Sichuan,12,12,-6.418161693053767,1.3792971706846131e-10,9.103361326518447e-9,****
Shannon_Index,Ningxia,Tianjin,12,12,-6.015264302774202,1.7959343493329148e-9,1.1853166705597238e-7,****
Shannon_Index,Ningxia,Yunnan,12,12,0.30765570548563864,0.758344327775518,1,ns
Shannon_Index,Shaanxi,Shanxi,72,19,1.972961533220729,0.04849994509109753,1,ns
Shannon_Index,Shaanxi,Sichuan,72,12,-3.1883437018854783,0.001430903434108832,0.09443962665118291,ns
Shannon_Index,Shaanxi,Tianjin,72,12,-2.660827190955117,0.007794895196031069,0.5144630829380505,ns
Shannon_Index,Shaanxi,Yunnan,72,12,5.617818395045321,1.9338359745633987e-8,1.2763317432118432e-6,****
Shannon_Index,Shanxi,Sichuan,19,12,-4.076102521927392,4.579683350158238e-5,0.003022591011104437,**
Shannon_Index,Shanxi,Tianjin,19,12,-3.6300300676081134,2.8338820654099576e-4,0.01870362163170572,*
Shannon_Index,Shanxi,Yunnan,19,12,3.370463146288988,7.504194284637098e-4,0.04952768227860485,*
Shannon_Index,Sichuan,Tianjin,12,12,0.4028973902795637,0.6870237112675041,1,ns
Shannon_Index,Sichuan,Yunnan,12,12,6.725817398539405,1.7460942533382575e-11,1.15242220720325e-9,****
Shannon_Index,Tianjin,Yunnan,12,12,6.322920008259842,2.5666618656225375e-10,1.6939968313108748e-8,****
