.y.,group1,group2,n1,n2,statistic,p,p.adj,p.adj.signif
Shannon_Index,3_Gen_Cotton_bollworm,4_Gen_Whitefly_Res,12,12,0.5117632713304072,0.608816698456462,1,ns
Shannon_Index,3_Gen_Cotton_bollworm,5_Gen_Aphids_Res,12,68,3.631432595579713,2.8185227628718375e-4,0.004227784144307756,**
Shannon_Index,3_Gen_Cotton_bollworm,6_High_Aphids_Res,12,66,2.7580497441653744,0.005814734862968921,0.08722102294453382,ns
Shannon_Index,3_Gen_Cotton_bollworm,General,12,384,1.5466837545354244,0.12193952234312035,1,ns
Shannon_Index,3_Gen_Cotton_bollworm,Weak,12,24,0.11890731538184328,0.9053487860474734,1,ns
Shannon_Index,4_Gen_Whitefly_Res,5_Gen_Aphids_Res,12,68,2.9641749257093992,0.0030349571167634067,0.0455243567514511,*
Shannon_Index,4_Gen_Whitefly_Res,6_High_Aphids_Res,12,66,2.0923034186362672,0.03641138209960278,0.5461707314940417,ns
Shannon_Index,4_Gen_Whitefly_Res,General,12,384,0.8339913491160879,0.40428585872835027,1,ns
Shannon_Index,4_Gen_Whitefly_Res,Weak,12,24,-0.47202600954610496,0.6369082236627024,1,ns
Shannon_Index,5_Gen_Aphids_Res,6_High_Aphids_Res,68,66,-1.5712814213171007,0.116117294703677,1,ns
Shannon_Index,5_Gen_Aphids_Res,General,68,384,-5.196062527957494,2.0355381733138515e-7,3.053307259970777e-6,****
Shannon_Index,5_Gen_Aphids_Res,Weak,68,24,-4.611927702812706,3.98951764364716e-6,5.984276465470739e-5,****
Shannon_Index,6_High_Aphids_Res,General,66,384,-3.0928786194634745,0.0019822519385522303,0.029733779078283454,*
Shannon_Index,6_High_Aphids_Res,Weak,66,24,-3.454773167490816,5.507559743884669e-4,0.008261339615827003,**
Shannon_Index,General,Weak,384,24,-1.9551300421928706,0.05056772314808072,0.7585158472212108,ns
