.y.,group1,group2,n1,n2,statistic,p,p.adj,p.adj.signif
PD," College of Horticulture,  Northwest A&F University"," Institute of Horticultural Science, Ningxia Academy of Agriculture and Forestry Sciences",72,12,3.9533657025737563,7.705952293088503e-5,0.005085928513438412,**
PD," College of Horticulture,  Northwest A&F University"," Institute of Vegetable Research, Liaoning Academy of Agricultural Sciences",72,15,1.65514205900166,0.09789568506926698,1,ns
PD," College of Horticulture,  Northwest A&F University","Horticultural Research Institute, Guangxi Academy of Agricultural Sciences",72,109,0.43295286174053843,0.6650490154678674,1,ns
PD," College of Horticulture,  Northwest A&F University","Horticultural Research Institute, Yunnan Academy of Agricultural Sciences",72,12,4.4628334370803735,8.088292552200523e-6,5.338273084452345e-4,***
PD," College of Horticulture,  Northwest A&F University","Horticultural Sub_Academy, Heilongjiang Academy of Agricultural Science",72,134,6.963925905367326,3.309187009352353e-12,2.184063426172553e-10,****
PD," College of Horticulture,  Northwest A&F University","Institute of Horticulture, Chengdu Academy of Agriculture and Forestry Sciences",72,12,-2.4342603535752287,0.014922257458232474,0.9848689922433433,ns
PD," College of Horticulture,  Northwest A&F University","Institute of Vegetable Crops, Jiangsu Academy of Agricultural Sciences",72,602,5.558884424545182,2.7150440113360603e-8,1.7919290474817997e-6,****
PD," College of Horticulture,  Northwest A&F University","Institute of Vegetable Research, Shanxi Academy of Agricultural Sciences",72,19,-0.39182740777894276,0.6951857425968073,1,ns
PD," College of Horticulture,  Northwest A&F University","Institute of Vegetables and Flowers, Chinese Academy of Agricultural Sciences",72,107,5.632535780460041,1.7757898739704367e-8,1.1720213168204882e-6,****
PD," College of Horticulture,  Northwest A&F University","Institute of Vegetables and Flowers, Inner Mongolia Academy of Agricultural & Animal Husbandry Sciences",72,22,2.1817913997192537,0.029124931598732622,1,ns
PD," College of Horticulture,  Northwest A&F University","Institute of Vegetables, Tianjin Academy of Agricultural Sciences",72,12,-1.928894613710372,0.05374394664953941,1,ns
PD," Institute of Horticultural Science, Ningxia Academy of Agriculture and Forestry Sciences"," Institute of Vegetable Research, Liaoning Academy of Agricultural Sciences",12,15,-1.9698271424215055,0.04885818472218981,1,ns
PD," Institute of Horticultural Science, Ningxia Academy of Agriculture and Forestry Sciences","Horticultural Research Institute, Guangxi Academy of Agricultural Sciences",12,109,-3.836675856974228,1.2471090230801324e-4,0.008230919552328873,**
PD," Institute of Horticultural Science, Ningxia Academy of Agriculture and Forestry Sciences","Horticultural Research Institute, Yunnan Academy of Agricultural Sciences",12,12,0.38911240958570625,0.6971929939498634,1,ns
PD," Institute of Horticultural Science, Ningxia Academy of Agriculture and Forestry Sciences","Horticultural Sub_Academy, Heilongjiang Academy of Agricultural Science",12,134,-0.713840317701311,0.4753259257470605,1,ns
PD," Institute of Horticultural Science, Ningxia Academy of Agriculture and Forestry Sciences","Institute of Horticulture, Chengdu Academy of Agriculture and Forestry Sciences",12,12,-4.878629985562494,1.0682525243085226e-6,7.050466660436249e-5,****
PD," Institute of Horticultural Science, Ningxia Academy of Agriculture and Forestry Sciences","Institute of Vegetable Crops, Jiangsu Academy of Agricultural Sciences",12,602,-1.850485550789533,0.06424359870277302,1,ns
PD," Institute of Horticultural Science, Ningxia Academy of Agriculture and Forestry Sciences","Institute of Vegetable Research, Shanxi Academy of Agricultural Sciences",12,19,-3.61706815213923,2.9795887128450344e-4,0.019665285504777228,*
PD," Institute of Horticultural Science, Ningxia Academy of Agriculture and Forestry Sciences","Institute of Vegetables and Flowers, Chinese Academy of Agricultural Sciences",12,107,-1.2288932244874138,0.21911184215250035,1,ns
PD," Institute of Horticultural Science, Ningxia Academy of Agriculture and Forestry Sciences","Institute of Vegetables and Flowers, Inner Mongolia Academy of Agricultural & Animal Husbandry Sciences",12,22,-1.953861612450648,0.05071758544589643,1,ns
PD," Institute of Horticultural Science, Ningxia Academy of Agriculture and Forestry Sciences","Institute of Vegetables, Tianjin Academy of Agricultural Sciences",12,12,-4.492650526134483,7.03421655425016e-6,4.642582925805106e-4,***
PD," Institute of Vegetable Research, Liaoning Academy of Agricultural Sciences","Horticultural Research Institute, Guangxi Academy of Agricultural Sciences",15,109,-1.4670588015029609,0.1423600601514345,1,ns
PD," Institute of Vegetable Research, Liaoning Academy of Agricultural Sciences","Horticultural Research Institute, Yunnan Academy of Agricultural Sciences",15,12,2.379987635797228,0.017313218954192668,1,ns
PD," Institute of Vegetable Research, Liaoning Academy of Agricultural Sciences","Horticultural Sub_Academy, Heilongjiang Academy of Agricultural Science",15,134,2.0120454703020076,0.044215144019458155,1,ns
PD," Institute of Vegetable Research, Liaoning Academy of Agricultural Sciences","Institute of Horticulture, Chengdu Academy of Agriculture and Forestry Sciences",15,12,-3.1727003961024476,0.001510282898397337,0.09967867129422424,ns
PD," Institute of Vegetable Research, Liaoning Academy of Agricultural Sciences","Institute of Vegetable Crops, Jiangsu Academy of Agricultural Sciences",15,602,0.8547332459564857,0.39269884096006474,1,ns
PD," Institute of Vegetable Research, Liaoning Academy of Agricultural Sciences","Institute of Vegetable Research, Shanxi Academy of Agricultural Sciences",15,19,-1.652672096307086,0.09839761629201565,1,ns
PD," Institute of Vegetable Research, Liaoning Academy of Agricultural Sciences","Institute of Vegetables and Flowers, Chinese Academy of Agricultural Sciences",15,107,1.410194897673996,0.15848214201172678,1,ns
PD," Institute of Vegetable Research, Liaoning Academy of Agricultural Sciences","Institute of Vegetables and Flowers, Inner Mongolia Academy of Agricultural & Animal Husbandry Sciences",15,22,0.1843476677752707,0.8537407211850836,1,ns
PD," Institute of Vegetable Research, Liaoning Academy of Agricultural Sciences","Institute of Vegetables, Tianjin Academy of Agricultural Sciences",15,12,-2.7658423221580914,0.0056775979908888245,0.3747214673986624,ns
PD,"Horticultural Research Institute, Guangxi Academy of Agricultural Sciences","Horticultural Research Institute, Yunnan Academy of Agricultural Sciences",109,12,4.358964573162775,1.306792632160086e-5,8.624831372256568e-4,***
PD,"Horticultural Research Institute, Guangxi Academy of Agricultural Sciences","Horticultural Sub_Academy, Heilongjiang Academy of Agricultural Science",109,134,7.379418803302314,1.5898200204949642e-13,1.0492812135266763e-11,****
PD,"Horticultural Research Institute, Guangxi Academy of Agricultural Sciences","Institute of Horticulture, Chengdu Academy of Agriculture and Forestry Sciences",109,12,-2.711697644223887,0.006693962103092797,0.4418014988041246,ns
PD,"Horticultural Research Institute, Guangxi Academy of Agricultural Sciences","Institute of Vegetable Crops, Jiangsu Academy of Agricultural Sciences",109,602,6.027667730830422,1.6634258381604494e-9,1.0978610531858966e-7,****
PD,"Horticultural Research Institute, Guangxi Academy of Agricultural Sciences","Institute of Vegetable Research, Shanxi Academy of Agricultural Sciences",109,19,-0.6709726806706021,0.5022379333822367,1,ns
PD,"Horticultural Research Institute, Guangxi Academy of Agricultural Sciences","Institute of Vegetables and Flowers, Chinese Academy of Agricultural Sciences",109,107,5.825709474751095,5.6870475515276315e-9,3.753451384008237e-7,****
PD,"Horticultural Research Institute, Guangxi Academy of Agricultural Sciences","Institute of Vegetables and Flowers, Inner Mongolia Academy of Agricultural & Animal Husbandry Sciences",109,22,1.9926770580712259,0.04629682113192702,1,ns
PD,"Horticultural Research Institute, Guangxi Academy of Agricultural Sciences","Institute of Vegetables, Tianjin Academy of Agricultural Sciences",109,12,-2.1936141511930574,0.028263160209801325,1,ns
PD,"Horticultural Research Institute, Yunnan Academy of Agricultural Sciences","Horticultural Sub_Academy, Heilongjiang Academy of Agricultural Science",12,134,-1.241028966545758,0.21459504836267762,1,ns
PD,"Horticultural Research Institute, Yunnan Academy of Agricultural Sciences","Institute of Horticulture, Chengdu Academy of Agriculture and Forestry Sciences",12,12,-5.2677423951482005,1.3811173028859176e-7,9.115374199047057e-6,****
PD,"Horticultural Research Institute, Yunnan Academy of Agricultural Sciences","Institute of Vegetable Crops, Jiangsu Academy of Agricultural Sciences",12,602,-2.3953696561813236,0.016603616469683703,1,ns
PD,"Horticultural Research Institute, Yunnan Academy of Agricultural Sciences","Institute of Vegetable Research, Shanxi Academy of Agricultural Sciences",12,19,-4.047878407399373,5.1683982184659504e-5,0.003411142824187527,**
PD,"Horticultural Research Institute, Yunnan Academy of Agricultural Sciences","Institute of Vegetables and Flowers, Chinese Academy of Agricultural Sciences",12,107,-1.75069852641162,0.07999785340721167,1,ns
PD,"Horticultural Research Institute, Yunnan Academy of Agricultural Sciences","Institute of Vegetables and Flowers, Inner Mongolia Academy of Agricultural & Animal Husbandry Sciences",12,22,-2.396513133896999,0.016551900281672367,1,ns
PD,"Horticultural Research Institute, Yunnan Academy of Agricultural Sciences","Institute of Vegetables, Tianjin Academy of Agricultural Sciences",12,12,-4.881762935720189,1.0514160959704072e-6,6.939346233404688e-5,****
PD,"Horticultural Sub_Academy, Heilongjiang Academy of Agricultural Science","Institute of Horticulture, Chengdu Academy of Agriculture and Forestry Sciences",134,12,-5.89596776587818,3.7249169025152423e-9,2.45844515566006e-7,****
PD,"Horticultural Sub_Academy, Heilongjiang Academy of Agricultural Science","Institute of Vegetable Crops, Jiangsu Academy of Agricultural Sciences",134,602,-3.3960897890725206,6.835593221822163e-4,0.04511491526402627,*
PD,"Horticultural Sub_Academy, Heilongjiang Academy of Agricultural Science","Institute of Vegetable Research, Shanxi Academy of Agricultural Sciences",134,19,-4.56324413534893,5.036918564368589e-6,3.324366252483269e-4,***
PD,"Horticultural Sub_Academy, Heilongjiang Academy of Agricultural Science","Institute of Vegetables and Flowers, Chinese Academy of Agricultural Sciences",134,107,-1.2265404545182628,0.2199953613925853,1,ns
PD,"Horticultural Sub_Academy, Heilongjiang Academy of Agricultural Science","Institute of Vegetables and Flowers, Inner Mongolia Academy of Agricultural & Animal Husbandry Sciences",134,22,-2.1130724043528097,0.03459457119855777,1,ns
PD,"Horticultural Sub_Academy, Heilongjiang Academy of Agricultural Science","Institute of Vegetables, Tianjin Academy of Agricultural Sciences",134,12,-5.373023792145202,7.742710792690004e-8,5.110189123175403e-6,****
PD,"Institute of Horticulture, Chengdu Academy of Agriculture and Forestry Sciences","Institute of Vegetable Crops, Jiangsu Academy of Agricultural Sciences",12,602,4.981185374460839,6.319596565904667e-7,4.17093373349708e-5,****
PD,"Institute of Horticulture, Chengdu Academy of Agriculture and Forestry Sciences","Institute of Vegetable Research, Shanxi Academy of Agricultural Sciences",12,19,1.7843628421529938,0.0743647248700152,1,ns
PD,"Institute of Horticulture, Chengdu Academy of Agriculture and Forestry Sciences","Institute of Vegetables and Flowers, Chinese Academy of Agricultural Sciences",12,107,5.313419304951987,1.0758709003079131e-7,7.100747942032226e-6,****
PD,"Institute of Horticulture, Chengdu Academy of Agriculture and Forestry Sciences","Institute of Vegetables and Flowers, Inner Mongolia Academy of Agricultural & Animal Husbandry Sciences",12,22,3.5960333086142287,3.2310644626072605e-4,0.02132502545320792,*
PD,"Institute of Horticulture, Chengdu Academy of Agriculture and Forestry Sciences","Institute of Vegetables, Tianjin Academy of Agricultural Sciences",12,12,0.38597945942801143,0.6995118812930023,1,ns
PD,"Institute of Vegetable Crops, Jiangsu Academy of Agricultural Sciences","Institute of Vegetable Research, Shanxi Academy of Agricultural Sciences",602,19,-3.4086805840048333,6.527786399924427e-4,0.043083390239501224,*
PD,"Institute of Vegetable Crops, Jiangsu Academy of Agricultural Sciences","Institute of Vegetables and Flowers, Chinese Academy of Agricultural Sciences",602,107,1.5762645343672177,0.11496485141370413,1,ns
PD,"Institute of Vegetable Crops, Jiangsu Academy of Agricultural Sciences","Institute of Vegetables and Flowers, Inner Mongolia Academy of Agricultural & Animal Husbandry Sciences",602,22,-0.7449310978566482,0.45631337437116715,1,ns
PD,"Institute of Vegetable Crops, Jiangsu Academy of Agricultural Sciences","Institute of Vegetables, Tianjin Academy of Agricultural Sciences",602,12,-4.440688419676068,8.967155113216577e-6,5.91832237472294e-4,***
PD,"Institute of Vegetable Research, Shanxi Academy of Agricultural Sciences","Institute of Vegetables and Flowers, Chinese Academy of Agricultural Sciences",19,107,3.854637097059564,1.1590142150097484e-4,0.00764949381906434,**
PD,"Institute of Vegetable Research, Shanxi Academy of Agricultural Sciences","Institute of Vegetables and Flowers, Inner Mongolia Academy of Agricultural & Animal Husbandry Sciences",19,22,2.0197319380493215,0.04341120036746815,1,ns
PD,"Institute of Vegetable Research, Shanxi Academy of Agricultural Sciences","Institute of Vegetables, Tianjin Academy of Agricultural Sciences",19,12,-1.3570212684972,0.17477445272075628,1,ns
PD,"Institute of Vegetables and Flowers, Chinese Academy of Agricultural Sciences","Institute of Vegetables and Flowers, Inner Mongolia Academy of Agricultural & Animal Husbandry Sciences",107,22,-1.3971603596342492,0.1623653541444286,1,ns
PD,"Institute of Vegetables and Flowers, Chinese Academy of Agricultural Sciences","Institute of Vegetables, Tianjin Academy of Agricultural Sciences",107,12,-4.795815333961148,1.62014484033249e-6,1.0692955946194435e-4,***
PD,"Institute of Vegetables and Flowers, Inner Mongolia Academy of Agricultural & Animal Husbandry Sciences","Institute of Vegetables, Tianjin Academy of Agricultural Sciences",22,12,-3.1569458090796836,0.0015943097235257715,0.10522444175270092,ns
