.y.,group1,group2,n1,n2,statistic,p,p.adj,p.adj.signif
Richness," College of Horticulture,  Northwest A&F University"," Institute of Horticultural Science, Ningxia Academy of Agriculture and Forestry Sciences",72,12,5.443004326431275,5.238937400743176e-8,3.4576986844904963e-6,****
Richness," College of Horticulture,  Northwest A&F University"," Institute of Vegetable Research, Liaoning Academy of Agricultural Sciences",72,15,0.5047094504438301,0.6137629224216593,1,ns
Richness," College of Horticulture,  Northwest A&F University","Horticultural Research Institute, Guangxi Academy of Agricultural Sciences",72,109,1.6203200293312472,0.10516354853846234,1,ns
Richness," College of Horticulture,  Northwest A&F University","Horticultural Research Institute, Yunnan Academy of Agricultural Sciences",72,12,6.067019520559712,1.3030572485250286e-9,8.600177840265189e-8,****
Richness," College of Horticulture,  Northwest A&F University","Horticultural Sub_Academy, Heilongjiang Academy of Agricultural Science",72,134,5.087006877834545,3.6375864731790003e-07,2.40080707229814e-5,****
Richness," College of Horticulture,  Northwest A&F University","Institute of Horticulture, Chengdu Academy of Agriculture and Forestry Sciences",72,12,-3.152076749828257,0.00162113656163442,0.10699501306787172,ns
Richness," College of Horticulture,  Northwest A&F University","Institute of Vegetable Crops, Jiangsu Academy of Agricultural Sciences",72,602,6.586646644064804,4.4987121413977165e-11,2.969150013322493e-9,****
Richness," College of Horticulture,  Northwest A&F University","Institute of Vegetable Research, Shanxi Academy of Agricultural Sciences",72,19,-0.4003144381263877,0.6889249350012583,1,ns
Richness," College of Horticulture,  Northwest A&F University","Institute of Vegetables and Flowers, Chinese Academy of Agricultural Sciences",72,107,3.8843348888084845,1.0261039514434823e-4,0.006772286079526983,**
Richness," College of Horticulture,  Northwest A&F University","Institute of Vegetables and Flowers, Inner Mongolia Academy of Agricultural & Animal Husbandry Sciences",72,22,0.23769050049220367,0.8121211520590855,1,ns
Richness," College of Horticulture,  Northwest A&F University","Institute of Vegetables, Tianjin Academy of Agricultural Sciences",72,12,-2.5333950188974987,0.011296357188142543,0.7455595744174078,ns
Richness," Institute of Horticultural Science, Ningxia Academy of Agriculture and Forestry Sciences"," Institute of Vegetable Research, Liaoning Academy of Agricultural Sciences",12,15,-4.012169523799917,6.016326964603024e-5,0.003970775796637996,**
Richness," Institute of Horticultural Science, Ningxia Academy of Agriculture and Forestry Sciences","Horticultural Research Institute, Guangxi Academy of Agricultural Sciences",12,109,-4.770936624174323,1.8337123416809566e-6,1.2102501455094313e-4,***
Richness," Institute of Horticultural Science, Ningxia Academy of Agriculture and Forestry Sciences","Horticultural Research Institute, Yunnan Academy of Agricultural Sciences",12,12,0.4765994769826873,0.6336473559198266,1,ns
Richness," Institute of Horticultural Science, Ningxia Academy of Agriculture and Forestry Sciences","Horticultural Sub_Academy, Heilongjiang Academy of Agricultural Science",12,134,-3.165472922002679,0.0015483107220704507,0.10218850765664975,ns
Richness," Institute of Horticultural Science, Ningxia Academy of Agriculture and Forestry Sciences","Institute of Horticulture, Chengdu Academy of Agriculture and Forestry Sciences",12,12,-6.564601606040302,5.2172159723392036e-11,3.4433625417438743e-9,****
Richness," Institute of Horticultural Science, Ningxia Academy of Agriculture and Forestry Sciences","Institute of Vegetable Crops, Jiangsu Academy of Agricultural Sciences",12,602,-3.0040733475394323,0.0026639109505114497,0.1758181227337557,ns
Richness," Institute of Horticultural Science, Ningxia Academy of Agriculture and Forestry Sciences","Institute of Vegetable Research, Shanxi Academy of Agricultural Sciences",12,19,-4.882655615782657,1.0466657890897302e-6,6.907994207992219e-5,****
Richness," Institute of Horticultural Science, Ningxia Academy of Agriculture and Forestry Sciences","Institute of Vegetables and Flowers, Chinese Academy of Agricultural Sciences",12,107,-3.6299296249932254,2.83498503202398e-4,0.01871090121135827,*
Richness," Institute of Horticultural Science, Ningxia Academy of Agriculture and Forestry Sciences","Institute of Vegetables and Flowers, Inner Mongolia Academy of Agricultural & Animal Husbandry Sciences",12,22,-4.567812524795538,4.928405267288298e-6,3.2527474764102766e-4,***
Richness," Institute of Horticultural Science, Ningxia Academy of Agriculture and Forestry Sciences","Institute of Vegetables, Tianjin Academy of Agricultural Sciences",12,12,-6.0920756288608855,1.1145600296029155e-9,7.356096195379242e-8,****
Richness," Institute of Vegetable Research, Liaoning Academy of Agricultural Sciences","Horticultural Research Institute, Guangxi Academy of Agricultural Sciences",15,109,0.37336862485085615,0.7088741076288478,1,ns
Richness," Institute of Vegetable Research, Liaoning Academy of Agricultural Sciences","Horticultural Research Institute, Yunnan Academy of Agricultural Sciences",15,12,4.51454948343668,6.345150602951275e-6,4.1877993979478413e-4,***
Richness," Institute of Vegetable Research, Liaoning Academy of Agricultural Sciences","Horticultural Sub_Academy, Heilongjiang Academy of Agricultural Science",15,134,2.203991573112872,0.02752493673015534,1,ns
Richness," Institute of Vegetable Research, Liaoning Academy of Agricultural Sciences","Institute of Horticulture, Chengdu Academy of Agriculture and Forestry Sciences",15,12,-2.907528145095653,0.003642975605685255,0.24043638997522684,ns
Richness," Institute of Vegetable Research, Liaoning Academy of Agricultural Sciences","Institute of Vegetable Crops, Jiangsu Academy of Agricultural Sciences",15,602,2.594167865308195,0.009482017867516016,0.6258131792560571,ns
Richness," Institute of Vegetable Research, Liaoning Academy of Agricultural Sciences","Institute of Vegetable Research, Shanxi Academy of Agricultural Sciences",15,19,-0.7136611519308446,0.4754367338674395,1,ns
Richness," Institute of Vegetable Research, Liaoning Academy of Agricultural Sciences","Institute of Vegetables and Flowers, Chinese Academy of Agricultural Sciences",15,107,1.6279735947667147,0.10353048483946374,1,ns
Richness," Institute of Vegetable Research, Liaoning Academy of Agricultural Sciences","Institute of Vegetables and Flowers, Inner Mongolia Academy of Agricultural & Animal Husbandry Sciences",15,22,-0.25488084438079195,0.7988151317243375,1,ns
Richness," Institute of Vegetable Research, Liaoning Academy of Agricultural Sciences","Institute of Vegetables, Tianjin Academy of Agricultural Sciences",15,12,-2.409442031267752,0.0159769339650856,1,ns
Richness,"Horticultural Research Institute, Guangxi Academy of Agricultural Sciences","Horticultural Research Institute, Yunnan Academy of Agricultural Sciences",109,12,5.410655437651519,6.279449115799136e-8,4.144436416427429e-6,****
Richness,"Horticultural Research Institute, Guangxi Academy of Agricultural Sciences","Horticultural Sub_Academy, Heilongjiang Academy of Agricultural Science",109,134,3.8551257496864686,1.1567015735814326e-4,0.007634230385637456,**
Richness,"Horticultural Research Institute, Guangxi Academy of Agricultural Sciences","Institute of Horticulture, Chengdu Academy of Agriculture and Forestry Sciences",109,12,-4.040443482562865,5.335022101496903e-5,0.003521114586987956,**
Richness,"Horticultural Research Institute, Guangxi Academy of Agricultural Sciences","Institute of Vegetable Crops, Jiangsu Academy of Agricultural Sciences",109,602,5.52659160385783,3.265118129396309e-8,2.154977965401564e-6,****
Richness,"Horticultural Research Institute, Guangxi Academy of Agricultural Sciences","Institute of Vegetable Research, Shanxi Academy of Agricultural Sciences",109,19,-1.405097857113181,0.1599921812513563,1,ns
Richness,"Horticultural Research Institute, Guangxi Academy of Agricultural Sciences","Institute of Vegetables and Flowers, Chinese Academy of Agricultural Sciences",109,107,2.542573452022577,0.01100394700802646,0.7262605025297464,ns
Richness,"Horticultural Research Institute, Guangxi Academy of Agricultural Sciences","Institute of Vegetables and Flowers, Inner Mongolia Academy of Agricultural & Animal Husbandry Sciences",109,22,-0.8050740129798124,0.4207769709081559,1,ns
Richness,"Horticultural Research Institute, Guangxi Academy of Agricultural Sciences","Institute of Vegetables, Tianjin Academy of Agricultural Sciences",109,12,-3.4061923512521406,6.587574870146614e-4,0.04347799414296765,*
Richness,"Horticultural Research Institute, Yunnan Academy of Agricultural Sciences","Horticultural Sub_Academy, Heilongjiang Academy of Agricultural Science",12,134,-3.8111933568199365,1.382975357394596e-4,0.009127637358804334,**
Richness,"Horticultural Research Institute, Yunnan Academy of Agricultural Sciences","Institute of Horticulture, Chengdu Academy of Agriculture and Forestry Sciences",12,12,-7.0412010830229885,1.9058972008594392e-12,1.2578921525672298e-10,****
Richness,"Horticultural Research Institute, Yunnan Academy of Agricultural Sciences","Institute of Vegetable Crops, Jiangsu Academy of Agricultural Sciences",12,602,-3.671467841388663,2.4116142675752034e-4,0.015916654165996344,*
Richness,"Horticultural Research Institute, Yunnan Academy of Agricultural Sciences","Institute of Vegetable Research, Shanxi Academy of Agricultural Sciences",12,19,-5.410328178460299,6.290935655931352e-8,4.152017532914692e-6,****
Richness,"Horticultural Research Institute, Yunnan Academy of Agricultural Sciences","Institute of Vegetables and Flowers, Chinese Academy of Agricultural Sciences",12,107,-4.269056334543959,1.963016904789012e-5,0.001295591157160748,**
Richness,"Horticultural Research Institute, Yunnan Academy of Agricultural Sciences","Institute of Vegetables and Flowers, Inner Mongolia Academy of Agricultural & Animal Husbandry Sciences",12,22,-5.109988714528324,3.221780565314382e-7,2.126375173107492e-5,****
Richness,"Horticultural Research Institute, Yunnan Academy of Agricultural Sciences","Institute of Vegetables, Tianjin Academy of Agricultural Sciences",12,12,-6.568675105843573,5.0764911068321815e-11,3.35048413050924e-9,****
Richness,"Horticultural Sub_Academy, Heilongjiang Academy of Agricultural Science","Institute of Horticulture, Chengdu Academy of Agriculture and Forestry Sciences",134,12,-5.728572514829368,1.012792583538548e-8,6.684431051354417e-7,****
Richness,"Horticultural Sub_Academy, Heilongjiang Academy of Agricultural Science","Institute of Vegetable Crops, Jiangsu Academy of Agricultural Sciences",134,602,0.8169128916651495,0.41397820998853285,1,ns
Richness,"Horticultural Sub_Academy, Heilongjiang Academy of Agricultural Science","Institute of Vegetable Research, Shanxi Academy of Agricultural Sciences",134,19,-3.453395253419591,5.535772432584778e-4,0.036536098055059536,*
Richness,"Horticultural Sub_Academy, Heilongjiang Academy of Agricultural Science","Institute of Vegetables and Flowers, Chinese Academy of Agricultural Sciences",134,107,-1.1665179922743798,0.24340507842163725,1,ns
Richness,"Horticultural Sub_Academy, Heilongjiang Academy of Agricultural Science","Institute of Vegetables and Flowers, Inner Mongolia Academy of Agricultural & Animal Husbandry Sciences",134,22,-2.9796012711169775,0.002886238069471195,0.19049171258509887,ns
Richness,"Horticultural Sub_Academy, Heilongjiang Academy of Agricultural Science","Institute of Vegetables, Tianjin Academy of Agricultural Sciences",134,12,-5.088371058087472,3.611522072843159e-7,2.383604568076485e-5,****
Richness,"Institute of Horticulture, Chengdu Academy of Agriculture and Forestry Sciences","Institute of Vegetable Crops, Jiangsu Academy of Agricultural Sciences",12,602,6.188506958930899,6.07367271092019e-10,4.0086239892073255e-8,****
Richness,"Institute of Horticulture, Chengdu Academy of Agriculture and Forestry Sciences","Institute of Vegetable Research, Shanxi Academy of Agricultural Sciences",12,19,2.3854181436496953,0.017059718453034715,1,ns
Richness,"Institute of Horticulture, Chengdu Academy of Agriculture and Forestry Sciences","Institute of Vegetables and Flowers, Chinese Academy of Agricultural Sciences",12,107,5.173294941139498,2.300015178852568e-7,1.518010018042695e-5,****
Richness,"Institute of Horticulture, Chengdu Academy of Agriculture and Forestry Sciences","Institute of Vegetables and Flowers, Inner Mongolia Academy of Agricultural & Animal Husbandry Sciences",12,22,2.9000317716554025,0.003731248374575245,0.24626239272196615,ns
Richness,"Institute of Horticulture, Chengdu Academy of Agriculture and Forestry Sciences","Institute of Vegetables, Tianjin Academy of Agricultural Sciences",12,12,0.4725259771794165,0.6365514042898797,1,ns
Richness,"Institute of Vegetable Crops, Jiangsu Academy of Agricultural Sciences","Institute of Vegetable Research, Shanxi Academy of Agricultural Sciences",602,19,-3.9681060763630223,7.244608772781792e-5,0.004781441790035983,**
Richness,"Institute of Vegetable Crops, Jiangsu Academy of Agricultural Sciences","Institute of Vegetables and Flowers, Chinese Academy of Agricultural Sciences",602,107,-2.185283639608478,0.028868056203591737,1,ns
Richness,"Institute of Vegetable Crops, Jiangsu Academy of Agricultural Sciences","Institute of Vegetables and Flowers, Inner Mongolia Academy of Agricultural & Animal Husbandry Sciences",602,22,-3.5172082294065503,4.3611151404346094e-4,0.028783359926868424,*
Richness,"Institute of Vegetable Crops, Jiangsu Academy of Agricultural Sciences","Institute of Vegetables, Tianjin Academy of Agricultural Sciences",602,12,-5.526816691524825,3.260933597838549e-8,2.1522161745734425e-6,****
Richness,"Institute of Vegetable Research, Shanxi Academy of Agricultural Sciences","Institute of Vegetables and Flowers, Chinese Academy of Agricultural Sciences",19,107,2.793037001730754,0.005221571874999194,0.3446237437499468,ns
Richness,"Institute of Vegetable Research, Shanxi Academy of Agricultural Sciences","Institute of Vegetables and Flowers, Inner Mongolia Academy of Agricultural & Animal Husbandry Sciences",19,22,0.5145486168115423,0.6068684790819806,1,ns
Richness,"Institute of Vegetable Research, Shanxi Academy of Agricultural Sciences","Institute of Vegetables, Tianjin Academy of Agricultural Sciences",19,12,-1.8622556028752806,0.06256707025710523,1,ns
Richness,"Institute of Vegetables and Flowers, Chinese Academy of Agricultural Sciences","Institute of Vegetables and Flowers, Inner Mongolia Academy of Agricultural & Animal Husbandry Sciences",107,22,-2.281912727328499,0.022494493279062038,1,ns
Richness,"Institute of Vegetables and Flowers, Chinese Academy of Agricultural Sciences","Institute of Vegetables, Tianjin Academy of Agricultural Sciences",107,12,-4.539630853037916,5.635279970886091e-6,3.71928478078482e-4,***
Richness,"Institute of Vegetables and Flowers, Inner Mongolia Academy of Agricultural & Animal Husbandry Sciences","Institute of Vegetables, Tianjin Academy of Agricultural Sciences",22,12,-2.3624895664502463,0.018152652404373703,1,ns
