.y.,group1,group2,n1,n2,statistic,p,p.adj,p.adj.signif
Richness,3_Gen_Cotton_bollworm,4_Gen_Whitefly_Res,12,12,0.14731879525009392,0.8828803978712594,1,ns
Richness,3_Gen_Cotton_bollworm,5_Gen_Aphids_Res,12,68,2.7176093957664462,0.006575541408647857,0.09863312112971785,ns
Richness,3_Gen_Cotton_bollworm,6_High_Aphids_Res,12,66,2.3362104298702864,0.019480276985586496,0.2922041547837974,ns
Richness,3_Gen_Cotton_bollworm,General,12,384,1.7875643638271508,0.07384631919827522,1,ns
Richness,3_Gen_Cotton_bollworm,Weak,12,24,-0.2158799708072264,0.8290813099649881,1,ns
Richness,4_Gen_Whitefly_Res,5_Gen_Aphids_Res,12,68,2.5255291869012524,0.011552418494344656,0.17328627741516983,ns
Richness,4_Gen_Whitefly_Res,6_High_Aphids_Res,12,66,2.1445652843244583,0.03198762045410922,0.4798143068116383,ns
Richness,4_Gen_Whitefly_Res,General,12,384,1.5824050793843207,0.11355712591256874,1,ns
Richness,4_Gen_Whitefly_Res,Weak,12,24,-0.3859890629958926,0.6995047688100249,1,ns
Richness,5_Gen_Aphids_Res,6_High_Aphids_Res,68,66,-0.6815096032653791,0.49554909233679606,1,ns
Richness,5_Gen_Aphids_Res,General,68,384,-2.484579082530956,0.012970469543427314,0.1945570431514097,ns
Richness,5_Gen_Aphids_Res,Weak,68,24,-3.90534201049879,9.409221528241217e-5,0.0014113832292361825,**
Richness,6_High_Aphids_Res,General,66,384,-1.5694522262563615,0.11654260293773912,1,ns
Richness,6_High_Aphids_Res,Weak,66,24,-3.395965696336384,6.83869296942785e-4,0.010258039454141775,*
Richness,General,Weak,384,24,-2.8532947860291618,0.00432684636896148,0.0649026955344222,ns
