.y.,group1,group2,n1,n2,statistic,p,p.adj,p.adj.signif
Distance_to_centroid,Chengdu,Guangxi,12,120,4.9442314459604955,7.644484126901277e-7,5.045359523754843e-5,****
Distance_to_centroid,Chengdu,Haidian (Beijing),12,119,6.644867395754015,3.03490180455226e-11,2.0030351910044913e-9,****
Distance_to_centroid,Chengdu,Heilongjiang,12,156,5.659864586741154,1.514924833829511e-8,9.998503903274773e-7,****
Distance_to_centroid,Chengdu,Inner Mongolia,12,24,2.6346079864016847,0.008423450488586521,0.5559477322467103,ns
Distance_to_centroid,Chengdu,Jiangsu,12,610,6.761981203870714,1.3611736655802095e-11,8.983746192829383e-10,****
Distance_to_centroid,Chengdu,Liaoning,12,24,2.8575678237602125,0.004269013898719345,0.28175491731547675,ns
Distance_to_centroid,Chengdu,Ningxia,12,12,0.22969900781503128,0.8183256659441049,1,ns
Distance_to_centroid,Chengdu,Shanxi,12,24,1.6524255836036448,0.09844782373814327,1,ns
Distance_to_centroid,Chengdu,Tianjin,12,12,0.018305062319449797,0.9853954889971646,1,ns
Distance_to_centroid,Chengdu,Yangling,12,72,3.8059778247298732,1.4124503837064747e-4,0.009322172532462734,**
Distance_to_centroid,Chengdu,Yunnan,12,12,0.3820443651833554,0.7024284573785559,1,ns
Distance_to_centroid,Guangxi,Haidian (Beijing),120,119,3.9859311476100934,6.721600280834534e-5,0.004436256185350792,**
Distance_to_centroid,Guangxi,Heilongjiang,120,156,1.6355895886322753,0.10192551080859787,1,ns
Distance_to_centroid,Guangxi,Inner Mongolia,120,24,-2.528840035382353,0.01144401721917716,0.7553051364656925,ns
Distance_to_centroid,Guangxi,Jiangsu,120,610,4.748311918035139,2.0512151783336943e-6,1.3538020177002383e-4,***
Distance_to_centroid,Guangxi,Liaoning,120,24,-2.176309578985529,0.029532119762888602,1,ns
Distance_to_centroid,Guangxi,Ningxia,120,12,-4.634505367006821,3.577919522718319e-6,2.3614268849940905e-4,***
Distance_to_centroid,Guangxi,Shanxi,120,24,-4.081806770671724,4.468694349728999e-5,0.0029493382708211395,**
Distance_to_centroid,Guangxi,Tianjin,120,12,-4.919548904964187,8.674389355683827e-7,5.725096974751326e-5,****
Distance_to_centroid,Guangxi,Yangling,120,72,-2.081007767531465,0.03743319508929322,1,ns
Distance_to_centroid,Guangxi,Yunnan,120,12,-4.429082929037546,9.463463168268632e-6,6.245885691057297e-4,***
Distance_to_centroid,Haidian (Beijing),Heilongjiang,119,156,-2.605042969065736,0.009186273855613443,0.6062940744704872,ns
Distance_to_centroid,Haidian (Beijing),Inner Mongolia,119,24,-4.83156574167143,1.3546347222740131e-6,8.940589167008487e-5,****
Distance_to_centroid,Haidian (Beijing),Jiangsu,119,610,-0.4139105986953506,0.67893958157363965,1,ns
Distance_to_centroid,Haidian (Beijing),Liaoning,119,24,-4.479281896327101,7.489457162496737e-6,4.943041727247847e-4,***
Distance_to_centroid,Haidian (Beijing),Ningxia,119,12,-6.335259555429942,2.369420547297975e-10,1.5638175612166633e-8,****
Distance_to_centroid,Haidian (Beijing),Shanxi,119,24,-6.383446106254017,1.7314655003093868e-10,1.1427672302041953e-8,****
Distance_to_centroid,Haidian (Beijing),Tianjin,119,12,-6.620194277373433,3.587270933388806e-11,2.367598816036612e-9,****
Distance_to_centroid,Haidian (Beijing),Yangling,119,72,-5.5314610433616,3.175743987396894e-8,2.09599103168195e-6,****
Distance_to_centroid,Haidian (Beijing),Yunnan,119,12,-6.129915537939939,8.792573823686157e-10,5.8030987236328635e-8,****
Distance_to_centroid,Heilongjiang,Inner Mongolia,156,24,-3.4846694378920713,4.927453742682063e-4,0.03252119470170162,*
Distance_to_centroid,Heilongjiang,Jiangsu,156,610,3.0716106296586707,0.002129072515232601,0.14051878600535167,ns
Distance_to_centroid,Heilongjiang,Liaoning,156,24,-3.1251575026314367,0.0017770988052873704,0.11728852114896644,ns
Distance_to_centroid,Heilongjiang,Ningxia,156,12,-5.346837603767817,8.950425354761069e-8,5.907280734142306e-6,****
Distance_to_centroid,Heilongjiang,Shanxi,156,24,-5.068390975332268,4.011926714124842e-7,2.6478716313223956e-5,****
Distance_to_centroid,Heilongjiang,Tianjin,156,12,-5.634918991697005,1.7514064544630645e-8,1.1559282599456226e-6,****
Distance_to_centroid,Heilongjiang,Yangling,156,72,-3.5712691480531746,3.5525559309152545e-4,0.02344686914404068,*
Distance_to_centroid,Heilongjiang,Yunnan,156,12,-5.139225877271363,2.758726197760177e-7,1.8207592905217168e-5,****
Distance_to_centroid,Inner Mongolia,Jiangsu,24,610,4.995882178713093,5.856741161286388e-7,3.865449166449016e-5,****
Distance_to_centroid,Inner Mongolia,Liaoning,24,24,0.27306891733115957,0.7848002393913852,1,ns
Distance_to_centroid,Inner Mongolia,Ningxia,24,12,-2.369374418412488,0.017818205030016025,1,ns
Distance_to_centroid,Inner Mongolia,Shanxi,24,24,-1.2029228605979674,0.22900617293681064,1,ns
Distance_to_centroid,Inner Mongolia,Tianjin,24,12,-2.6134711210863504,0.00896276579322186,0.5915425423526428,ns
Distance_to_centroid,Inner Mongolia,Yangling,24,72,1.0829234302283837,0.27884241105626706,1,ns
Distance_to_centroid,Inner Mongolia,Yunnan,24,12,-2.193461152239705,0.028274170562855017,1,ns
Distance_to_centroid,Jiangsu,Liaoning,610,24,-4.617084285556537,3.891692366112689e-6,2.568516961634375e-4,***
Distance_to_centroid,Jiangsu,Ningxia,610,12,-6.440286550977943,1.192481490094888e-10,7.870377834626262e-9,****
Distance_to_centroid,Jiangsu,Shanxi,610,24,-6.664562194285017,2.6545547281807632e-11,1.7520061205993036e-9,****
Distance_to_centroid,Jiangsu,Tianjin,610,12,-6.736344869064349,1.6242052610976457e-11,1.0719754723244461e-9,****
Distance_to_centroid,Jiangsu,Yangling,610,72,-6.294725284745132,3.079447377398087e-10,2.0324352690827373e-8,****
Distance_to_centroid,Jiangsu,Yunnan,610,12,-6.226926087105617,4.756753858566602e-10,3.139457546653957e-8,****
Distance_to_centroid,Liaoning,Ningxia,24,12,-2.5923342557710156,0.009532710249658499,0.6291588764774609,ns
Distance_to_centroid,Liaoning,Shanxi,24,24,-1.475991777929127,0.13994609948461154,1,ns
Distance_to_centroid,Liaoning,Tianjin,24,12,-2.836430958444878,0.004562084080829989,0.3010975493347792,ns
Distance_to_centroid,Liaoning,Yangling,24,72,0.7484836741905923,0.4541684688128122,1,ns
Distance_to_centroid,Liaoning,Yunnan,24,12,-2.4164209895982323,0.01567392749918392,1,ns
Distance_to_centroid,Ningxia,Shanxi,12,24,1.3871920156144484,0.16538321947346946,1,ns
Distance_to_centroid,Ningxia,Tianjin,12,12,-0.21139394549558146,0.8325798807942604,1,ns
Distance_to_centroid,Ningxia,Yangling,12,72,3.505231227481692,4.5621087357751845e-4,0.030109917656116217,*
Distance_to_centroid,Ningxia,Yunnan,12,12,0.15234535736832414,0.878914552393453,1,ns
Distance_to_centroid,Shanxi,Tianjin,24,12,-1.6312887182883102,0.10282941275285686,1,ns
Distance_to_centroid,Shanxi,Yangling,24,72,2.556197034425444,0.010582317836797814,0.6984329772286557,ns
Distance_to_centroid,Shanxi,Yunnan,24,12,-1.211278749441665,0.22578859030737522,1,ns
Distance_to_centroid,Tianjin,Yangling,12,72,3.7820108722499413,1.5556656580462404e-4,0.010267393343105186,*
Distance_to_centroid,Tianjin,Yunnan,12,12,0.3637393028639056,0.7160526913731506,1,ns
Distance_to_centroid,Yangling,Yunnan,72,12,-3.305764332648708,9.471771616113623e-4,0.06251369266634992,ns
