.y.,group1,group2,n1,n2,statistic,p,p.adj,p.adj.signif
Distance_to_centroid,Green,Orange,12,144,5.218246744974919,1.806247362850837e-7,1.806247362850837e-6,****
Distance_to_centroid,Green,Pink,12,168,5.990852271979291,2.0874419218679346e-9,2.0874419218679346e-8,****
Distance_to_centroid,Green,Red,12,789,5.978910776118787,2.2463454549821374e-9,2.2463454549821374e-8,****
Distance_to_centroid,Green,Yellow,12,72,4.707196244377346,2.511471086217281e-6,2.5114710862172807e-5,****
Distance_to_centroid,Orange,Pink,144,168,1.9567919158935945,0.05037193792124967,0.5037193792124968,ns
Distance_to_centroid,Orange,Red,144,789,1.8886746281733717,0.05893544034502319,0.5893544034502319,ns
Distance_to_centroid,Orange,Yellow,144,72,-0.6939407337294766,0.48771937704633417,1,ns
Distance_to_centroid,Pink,Red,168,789,-0.6010509533572362,0.5478060493809014,1,ns
Distance_to_centroid,Pink,Yellow,168,72,-2.2886937318740923,0.022097153474724462,0.22097153474724462,ns
Distance_to_centroid,Red,Yellow,789,72,-2.2038019105738904,0.02753827816522538,0.2753827816522538,ns
