.y.,group1,group2,n1,n2,statistic,p,p.adj,p.adj.signif
Distance_to_centroid,Gen. Aphids. Res,Gen. Cotton bollworm,84,12,-4.032810556367258,5.5113708705459104e-5,8.267056305818866e-4,***
Distance_to_centroid,Gen. Aphids. Res,Gen. Whitefly Res.,84,12,-3.5107913402900435,4.4677493829149457e-4,0.006701624074372419,**
Distance_to_centroid,Gen. Aphids. Res,General,84,394,2.3005229487170356,0.02141861067898841,0.3212791601848261,ns
Distance_to_centroid,Gen. Aphids. Res,High Aphids Res.,84,72,-1.0805201769520996,0.2799106068052941,1,ns
Distance_to_centroid,Gen. Aphids. Res,Weak,84,24,-0.04018967446274474,0.9679419095657273,1,ns
Distance_to_centroid,Gen. Cotton bollworm,Gen. Whitefly Res.,12,12,0.3946094358106285,0.6931311487629526,1,ns
Distance_to_centroid,Gen. Cotton bollworm,General,12,394,5.190535653908943,2.0968996370970232e-7,3.145349455645535e-6,****
Distance_to_centroid,Gen. Cotton bollworm,High Aphids Res.,12,72,3.4348943173626556,5.927849571386701e-4,0.008891774357080053,**
Distance_to_centroid,Gen. Cotton bollworm,Weak,12,24,3.493815327416012,4.7617028010616845e-4,0.007142554201592526,**
Distance_to_centroid,Gen. Whitefly Res.,General,12,394,4.640782717499971,3.470919425780536e-6,5.206379138670804e-5,****
Distance_to_centroid,Gen. Whitefly Res.,High Aphids Res.,12,72,2.918229286063792,0.003520253953340936,0.05280380930011404,ns
Distance_to_centroid,Gen. Whitefly Res.,Weak,12,24,3.038159599435947,0.0023802785382307564,0.035704178073461344,*
Distance_to_centroid,General,High Aphids Res.,394,72,-3.511094440389176,4.462658267702786e-4,0.006693987401554179,**
Distance_to_centroid,General,Weak,394,24,-1.3592208172814364,0.1740766266047496,1,ns
Distance_to_centroid,High Aphids Res.,Weak,72,24,0.6967849193587387,0.48593740521195206,1,ns
