.y.,group1,group2,n1,n2,statistic,p,p.adj,p.adj.signif
Evenness,Canada,China,23,248,-0.27183783730714384,0.7857467103610043,1,ns
Evenness,Canada,Italy,23,12,-3.0634896573827035,0.0021877176712148194,0.1443893663001781,ns
Evenness,Canada,Japan,23,70,1.9604380795144902,0.0499446087133539,1,ns
Evenness,Canada,Marshall Islands,23,19,0.33069515937558225,0.7408747590399899,1,ns
Evenness,Canada,Russia,23,51,-1.5722414153787725,0.1158945739359033,1,ns
Evenness,Canada,South Korea,23,12,0.055530591008344024,0.9557157594417887,1,ns
Evenness,Canada,Taiwan,23,107,0.46035803453298313,0.645259251432156,1,ns
Evenness,Canada,Thailand,23,127,-1.1583056756314123,0.246739316047788,1,ns
Evenness,Canada,The Netherlands,23,12,1.9102773163297817,0.05609751681941077,1,ns
Evenness,Canada,USA,23,435,-0.34183156755374045,0.7324776515826601,1,ns
Evenness,Canada,Vietnam,23,12,-1.6354352460972583,0.1019578387721754,1,ns
Evenness,China,Italy,248,12,-3.4903808323311165,4.823326711104382e-4,0.03183395629328892,*
Evenness,China,Japan,248,70,3.919102412907635,8.88793453949757e-5,0.005866036796068396,**
Evenness,China,Marshall Islands,248,19,0.6795994577914891,0.4967581130871553,1,ns
Evenness,China,Russia,248,51,-2.1830206865447197,0.029034286643985663,1,ns
Evenness,China,South Korea,248,12,0.26736554474093266,0.7891877253889764,1,ns
Evenness,China,Taiwan,248,107,1.4270579307305704,0.15356319726537182,1,ns
Evenness,China,Thailand,248,127,-1.8625326616925435,0.06252804603536515,1,ns
Evenness,China,The Netherlands,248,12,2.5019351314751628,0.012351655394501108,0.8152092560370732,ns
Evenness,China,USA,248,435,-0.17449953908825966,0.8614728929644087,1,ns
Evenness,China,Vietnam,248,12,-1.769883412335899,0.07674656464578677,1,ns
Evenness,Italy,Japan,12,70,4.9996785007965725,5.742598707827492e-7,3.790115147166145e-5,****
Evenness,Italy,Marshall Islands,12,19,3.236608548799058,0.001209592128424989,0.07983308047604927,ns
Evenness,Italy,Russia,12,51,2.1693640829266787,0.030055053552830162,1,ns
Evenness,Italy,South Korea,12,12,2.7206539169422492,0.00651529327754606,0.43000935631803994,ns
Evenness,Italy,Taiwan,12,107,3.931032221728882,8.458193399619388e-5,0.005582407643748797,**
Evenness,Italy,Thailand,12,127,2.7431397165201843,0.006085478677621963,0.40164159272304956,ns
Evenness,Italy,The Netherlands,12,12,4.3385093783758935,1.4345236444825163e-5,9.467856053584607e-4,***
Evenness,Italy,USA,12,435,3.4780830654565036,5.050134013626471e-4,0.03333088448993471,*
Evenness,Italy,Vietnam,12,12,1.2456609826994913,0.21288888363864886,1,ns
Evenness,Japan,Marshall Islands,70,19,-1.4251130998578359,0.15412451053310777,1,ns
Evenness,Japan,Russia,70,51,-4.704312198908205,2.5472321293872934e-6,1.6811732053956135e-4,***
Evenness,Japan,South Korea,70,12,-1.444753914089597,0.14852702019001657,1,ns
Evenness,Japan,Taiwan,70,107,-2.3767574085453393,0.017465570479182374,1,ns
Evenness,Japan,Thailand,70,127,-4.928465493420731,8.28779681628011e-7,5.469945898744872e-5,****
Evenness,Japan,The Netherlands,70,12,0.6692063076693637,0.5033638831336588,1,ns
Evenness,Japan,USA,70,435,-4.226640078872307,2.3720662739806366e-5,0.0015655637408272202,**
Evenness,Japan,Vietnam,70,12,-3.3720437522075657,7.461259451612545e-4,0.0492443123806428,*
Evenness,Marshall Islands,Russia,19,51,-1.8506996062931704,0.06421278074544257,1,ns
Evenness,Marshall Islands,South Korea,19,12,-0.22440544358240805,0.8224418353307639,1,ns
Evenness,Marshall Islands,Taiwan,19,107,0.013197571738407866,0.9894701669445813,1,ns
Evenness,Marshall Islands,Thailand,19,127,-1.4838872049864464,0.13783884685452397,1,ns
Evenness,Marshall Islands,The Netherlands,19,12,1.5668217369034023,0.11715636506926395,1,ns
Evenness,Marshall Islands,USA,19,435,-0.7494807560646234,0.45356749321151796,1,ns
Evenness,Marshall Islands,Vietnam,19,12,-1.8574607429099055,0.06324563138910237,1,ns
Evenness,Russia,South Korea,51,12,1.2924449886997023,0.19620308522030838,1,ns
Evenness,Russia,Taiwan,51,107,2.9425962515541357,0.0032547259088722565,0.21481190998556893,ns
Evenness,Russia,Thailand,51,127,0.798755554364035,0.4244321667803946,1,ns
Evenness,Russia,The Netherlands,51,12,3.351033432490424,8.051058175917823e-4,0.053136983961057635,ns
Evenness,Russia,USA,51,435,2.1739351085269356,0.029710008920367556,1,ns
Evenness,Russia,Vietnam,51,12,-0.5843626010304914,0.5589763828706957,1,ns
Evenness,South Korea,Taiwan,12,107,0.282596439192807,0.7774862102293625,1,ns
Evenness,South Korea,Thailand,12,127,-0.9346149794185254,0.34998675651861266,1,ns
Evenness,South Korea,The Netherlands,12,12,1.6178554614336447,0.10569375064668177,1,ns
Evenness,South Korea,USA,12,435,-0.31750581138127787,0.7508598305823885,1,ns
Evenness,South Korea,Vietnam,12,12,-1.4749929342427577,0.14021444305704453,1,ns
Evenness,Taiwan,Thailand,107,127,-2.806572486370363,0.005007164557655514,0.33047286080526395,ns
Evenness,Taiwan,The Netherlands,107,12,1.8869708547980137,0.05916424584754224,1,ns
Evenness,Taiwan,USA,107,435,-1.6582577548726962,0.09726545189923272,1,ns
Evenness,Taiwan,Vietnam,107,12,-2.260583042622084,0.023785088791057913,1,ns
Evenness,Thailand,The Netherlands,127,12,3.121616965810452,0.001798607837546151,0.11870811727804596,ns
Evenness,Thailand,USA,127,435,1.8773158163936048,0.0604748217335944,1,ns
Evenness,Thailand,Vietnam,127,12,-1.059266769600296,0.2894783042619586,1,ns
Evenness,The Netherlands,USA,12,435,-2.5745786994501745,0.010036225133815925,0.662390858831851,ns
Evenness,The Netherlands,Vietnam,12,12,-3.0928483956764024,0.0019824538220634996,0.13084195225619097,ns
Evenness,USA,Vietnam,435,12,-1.740259323597105,0.0818134930441578,1,ns
