.y.,group1,group2,n1,n2,statistic,p,p.adj,p.adj.signif
Evenness,Chengdu,Guangxi,12,109,5.274082860328514,1.3342161933040932e-7,8.805826875807015e-6,****
Evenness,Chengdu,Haidian (Beijing),12,106,5.493220042601927,3.946705377041949e-8,2.6048255488476864e-6,****
Evenness,Chengdu,Heilongjiang,12,135,7.259680329520763,3.880061996962857e-13,2.5608409179954857e-11,****
Evenness,Chengdu,Inner Mongolia,12,22,4.540499115242915,5.612121438995714e-6,3.7040001497371715e-4,***
Evenness,Chengdu,Jiangsu,12,602,5.92502908541932,3.1224212012729743e-9,2.060797992840163e-7,****
Evenness,Chengdu,Liaoning,12,15,4.7371225291293975,2.167741118039621e-6,1.43070913790615e-4,***
Evenness,Chengdu,Ningxia,12,12,5.735805148707818,9.70501862742564e-9,6.405312294100923e-7,****
Evenness,Chengdu,Shanxi,12,19,5.046566609948353,4.49820116070451e-7,2.9688127660649766e-5,****
Evenness,Chengdu,Tianjin,12,12,0.39224535974340113,0.6948769317675245,1,ns
Evenness,Chengdu,Yangling,12,72,3.2471389584173753,0.001165714597156932,0.07693716341235751,ns
Evenness,Chengdu,Yunnan,12,12,5.925661928264128,3.1104190943935706e-9,2.0528766022997565e-7,****
Evenness,Guangxi,Haidian (Beijing),109,106,0.5057748671647379,0.613014703896335,1,ns
Evenness,Guangxi,Heilongjiang,109,135,4.525372530363792,6.028921133356126e-6,3.9790879480150433e-4,***
Evenness,Guangxi,Inner Mongolia,109,22,0.10839184377741597,0.9136848707406502,1,ns
Evenness,Guangxi,Jiangsu,109,602,1.184087697241566,0.23637834964748422,1,ns
Evenness,Guangxi,Liaoning,109,15,0.8372187904688936,0.40246959721940206,1,ns
Evenness,Guangxi,Ningxia,109,12,2.4248396968211825,0.015315147664141115,1,ns
Evenness,Guangxi,Shanxi,109,19,1.0326531944407076,0.3017662247999452,1,ns
Evenness,Guangxi,Tianjin,109,12,-4.747588920982249,2.058558952840372e-6,1.3586489088746457e-4,***
Evenness,Guangxi,Yangling,109,72,-3.895826270041525,9.786452154626143e-5,0.0064590584220532545,**
Evenness,Guangxi,Yunnan,109,12,2.6796762201788797,0.007369340281095944,0.4863764585523323,ns
Evenness,Haidian (Beijing),Heilongjiang,106,135,3.9587074365115136,7.535647596069073e-5,0.004973527413405588,**
Evenness,Haidian (Beijing),Inner Mongolia,106,22,-0.1863541759318125,0.8521670252068252,1,ns
Evenness,Haidian (Beijing),Jiangsu,106,602,0.5151451611223644,0.6064515865379585,1,ns
Evenness,Haidian (Beijing),Liaoning,106,15,0.585687875179467,0.5580852834927745,1,ns
Evenness,Haidian (Beijing),Ningxia,106,12,2.1949205434885095,0.028169297895508264,1,ns
Evenness,Haidian (Beijing),Shanxi,106,19,0.7535513114636597,0.45111868950022943,1,ns
Evenness,Haidian (Beijing),Tianjin,106,12,-4.967463432716346,6.783434436732555e-7,4.477066728243487e-5,****
Evenness,Haidian (Beijing),Yangling,106,72,-4.325851874479684,1.5194350530136285e-5,0.0010028271349889948,**
Evenness,Haidian (Beijing),Yunnan,106,12,2.4494001805417542,0.014309436626030252,0.9444228173179966,ns
Evenness,Heilongjiang,Inner Mongolia,135,22,-2.424342011952465,0.015336154656990113,1,ns
Evenness,Heilongjiang,Jiangsu,135,602,-4.824971730572012,1.4002312679918984e-6,9.24152636874653e-5,****
Evenness,Heilongjiang,Liaoning,135,15,-1.293950187796762,0.19568262723312047,1,ns
Evenness,Heilongjiang,Ningxia,135,12,0.5138375925524518,0.6073655426425092,1,ns
Evenness,Heilongjiang,Shanxi,135,19,-1.3304841266695018,0.18335881286954694,1,ns
Evenness,Heilongjiang,Tianjin,135,12,-6.728085155911649,1.7191031093734002e-11,1.1346080521864442e-9,****
Evenness,Heilongjiang,Yangling,135,72,-8.047383532714093,8.458279805888978e-16,5.582464671886726e-14,****
Evenness,Heilongjiang,Yunnan,135,12,0.7711432436763521,0.4406220310805781,1,ns
Evenness,Inner Mongolia,Jiangsu,22,602,0.4511234799876628,0.6519005558339012,1,ns
Evenness,Inner Mongolia,Liaoning,22,15,0.6129087694583779,0.5399366644334879,1,ns
Evenness,Inner Mongolia,Ningxia,22,12,1.984512200892182,0.047198769310987244,1,ns
Evenness,Inner Mongolia,Shanxi,22,19,0.7388285227546683,0.46001112964639346,1,ns
Evenness,Inner Mongolia,Tianjin,22,12,-4.094283571884759,4.234757693620474e-5,0.002794940077789513,**
Evenness,Inner Mongolia,Yangling,22,72,-2.5326924310018097,0.011319022236417026,0.7470554676035237,ns
Evenness,Inner Mongolia,Yunnan,22,12,2.200491928747648,0.027772011963724696,1,ns
Evenness,Jiangsu,Liaoning,602,15,0.4105189446335031,0.6814253093060734,1,ns
Evenness,Jiangsu,Ningxia,602,12,2.1069662459115173,0.03512050552784123,1,ns
Evenness,Jiangsu,Shanxi,602,19,0.5728130631759583,0.5667712732060692,1,ns
Evenness,Jiangsu,Tianjin,602,12,-5.375757829420511,7.62612363188968e-8,5.033241597047189e-6,****
Evenness,Jiangsu,Yangling,602,72,-5.73295831697012,9.869389456263494e-9,6.513797041133906e-7,****
Evenness,Jiangsu,Yunnan,602,12,2.3728275726968837,0.01765250247299851,1,ns
Evenness,Liaoning,Ningxia,15,12,1.3089469658164357,0.1905523159884847,1,ns
Evenness,Liaoning,Shanxi,15,19,0.07574513230555714,0.9396218687175498,1,ns
Evenness,Liaoning,Tianjin,15,12,-4.323659616322309,1.5346201375174255e-5,0.001012849290761501,**
Evenness,Liaoning,Yangling,15,72,-2.8968966689287954,0.0037687386463656674,0.24873675066013404,ns
Evenness,Liaoning,Yunnan,15,12,1.509073583357247,0.13127997950024936,1,ns
Evenness,Ningxia,Shanxi,12,19,-1.3038956712937497,0.19226915637942918,1,ns
Evenness,Ningxia,Tianjin,12,12,-5.343559788964416,9.113874869469965e-8,6.015157413850177e-6,****
Evenness,Ningxia,Yangling,12,72,-4.2627928317172,2.0188767358419913e-5,0.0013324586456557143,**
Evenness,Ningxia,Yunnan,12,12,0.18985677955631078,0.8494213613070896,1,ns
Evenness,Shanxi,Tianjin,19,12,-4.612287673083862,3.982612843652941e-6,2.628524476810941e-4,***
Evenness,Shanxi,Yangling,19,72,-3.289324836872951,0.001004280448722245,0.06628250961566817,ns
Evenness,Shanxi,Yunnan,19,12,1.5140977765172976,0.13000104253016795,1,ns
Evenness,Tianjin,Yangling,12,72,2.733569229268998,0.006265195110621113,0.4135028773009935,ns
Evenness,Tianjin,Yunnan,12,12,5.533416568520727,3.140524015006879e-8,2.07274584990454e-6,****
Evenness,Yangling,Yunnan,72,12,4.511373707007868,6.440912829357097e-6,4.251002467375684e-4,***
