.y.,group1,group2,n1,n2,statistic,p,p.adj,p.adj.signif
Evenness,3_Gen_Cotton_bollworm,4_Gen_Whitefly_Res,12,12,1.072206463592244,0.2836273078868267,1,ns
Evenness,3_Gen_Cotton_bollworm,5_Gen_Aphids_Res,12,68,3.828259248270297,1.290527827538634e-4,0.001935791741307951,**
Evenness,3_Gen_Cotton_bollworm,6_High_Aphids_Res,12,66,2.8547379577400016,0.004307235124683867,0.064608526870258,ns
Evenness,3_Gen_Cotton_bollworm,General,12,384,1.3742143652666452,0.16937514232049347,1,ns
Evenness,3_Gen_Cotton_bollworm,Weak,12,24,0.2997905648414959,0.7643369126748509,1,ns
Evenness,4_Gen_Whitefly_Res,5_Gen_Aphids_Res,12,68,2.43027305700542,0.015087451363909547,0.2263117704586432,ns
Evenness,4_Gen_Whitefly_Res,6_High_Aphids_Res,12,66,1.4599182171802376,0.14431255189783215,1,ns
Evenness,4_Gen_Whitefly_Res,General,12,384,-0.11896313779484356,0.9053045601157077,1,ns
Evenness,4_Gen_Whitefly_Res,Weak,12,24,-0.9382868159221814,0.34809703328147973,1,ns
Evenness,5_Gen_Aphids_Res,6_High_Aphids_Res,68,66,-1.752341109159141,0.07971517124299186,1,ns
Evenness,5_Gen_Aphids_Res,General,68,384,-6.048767419999841,1.4595818927332136e-9,2.1893728390998204e-8,****
Evenness,5_Gen_Aphids_Res,Weak,68,24,-4.602143429480341,4.18165064693916e-6,6.272475970408739e-5,****
Evenness,6_High_Aphids_Res,General,66,384,-3.7000251907570663,2.1557806687889605e-4,0.0032336710031834405,**
Evenness,6_High_Aphids_Res,Weak,66,24,-3.3137758995801154,9.204524730990377e-4,0.013806787096485565,*
Evenness,General,Weak,384,24,-1.4108904984538966,0.15827690422966686,1,ns
