.y.,group1,group2,n1,n2,statistic,p,p.adj,p.adj.signif
Evenness," College of Horticulture,  Northwest A&F University"," Institute of Horticultural Science, Ningxia Academy of Agriculture and Forestry Sciences",72,12,4.201536378400248,2.6510963492761122e-5,0.001749723590522234,**
Evenness," College of Horticulture,  Northwest A&F University"," Institute of Vegetable Research, Liaoning Academy of Agricultural Sciences",72,15,2.829601037684105,0.004660608145686454,0.30760013761530597,ns
Evenness," College of Horticulture,  Northwest A&F University","Horticultural Research Institute, Guangxi Academy of Agricultural Sciences",72,109,3.7700569162333144,1.6321032215752744e-4,0.010771881262396811,*
Evenness," College of Horticulture,  Northwest A&F University","Horticultural Research Institute, Yunnan Academy of Agricultural Sciences",72,12,4.450117253690916,8.582341938946134e-6,5.664345679704449e-4,***
Evenness," College of Horticulture,  Northwest A&F University","Horticultural Sub_Academy, Heilongjiang Academy of Agricultural Science",72,134,7.874577026437102,3.4189752041747437e-15,2.256523634755331e-13,****
Evenness," College of Horticulture,  Northwest A&F University","Institute of Horticulture, Chengdu Academy of Agriculture and Forestry Sciences",72,12,-3.308395411734328,9.38322250678942e-4,0.06192926854481017,ns
Evenness," College of Horticulture,  Northwest A&F University","Institute of Vegetable Crops, Jiangsu Academy of Agricultural Sciences",72,602,5.579789920620829,2.4080925091799626e-8,1.5893410560587752e-6,****
Evenness," College of Horticulture,  Northwest A&F University","Institute of Vegetable Research, Shanxi Academy of Agricultural Sciences",72,19,3.2152693959018745,0.0013032215637928046,0.0860126232103251,ns
Evenness," College of Horticulture,  Northwest A&F University","Institute of Vegetables and Flowers, Chinese Academy of Agricultural Sciences",72,107,4.1939481613324805,2.741406563244247e-5,0.0018093283317412029,**
Evenness," College of Horticulture,  Northwest A&F University","Institute of Vegetables and Flowers, Inner Mongolia Academy of Agricultural & Animal Husbandry Sciences",72,22,2.4542866145356825,0.014116441741782854,0.9316851549576683,ns
Evenness," College of Horticulture,  Northwest A&F University","Institute of Vegetables, Tianjin Academy of Agricultural Sciences",72,12,-2.7948256825859503,0.00519277067488076,0.34272286454213013,ns
Evenness," Institute of Horticultural Science, Ningxia Academy of Agriculture and Forestry Sciences"," Institute of Vegetable Research, Liaoning Academy of Agricultural Sciences",12,15,-1.3089469658164357,0.1905523159884847,1,ns
Evenness," Institute of Horticultural Science, Ningxia Academy of Agriculture and Forestry Sciences","Horticultural Research Institute, Guangxi Academy of Agricultural Sciences",12,109,-2.4248396968211825,0.015315147664141115,1,ns
Evenness," Institute of Horticultural Science, Ningxia Academy of Agriculture and Forestry Sciences","Horticultural Research Institute, Yunnan Academy of Agricultural Sciences",12,12,0.18985677955631078,0.8494213613070896,1,ns
Evenness," Institute of Horticultural Science, Ningxia Academy of Agriculture and Forestry Sciences","Horticultural Sub_Academy, Heilongjiang Academy of Agricultural Science",12,134,-0.5290385669527289,0.5967786961583654,1,ns
Evenness," Institute of Horticultural Science, Ningxia Academy of Agriculture and Forestry Sciences","Institute of Horticulture, Chengdu Academy of Agriculture and Forestry Sciences",12,12,-5.735805148707818,9.70501862742564e-9,6.405312294100923e-7,****
Evenness," Institute of Horticultural Science, Ningxia Academy of Agriculture and Forestry Sciences","Institute of Vegetable Crops, Jiangsu Academy of Agricultural Sciences",12,602,-2.1069662459115173,0.03512050552784123,1,ns
Evenness," Institute of Horticultural Science, Ningxia Academy of Agriculture and Forestry Sciences","Institute of Vegetable Research, Shanxi Academy of Agricultural Sciences",12,19,-1.3038956712937497,0.19226915637942918,1,ns
Evenness," Institute of Horticultural Science, Ningxia Academy of Agriculture and Forestry Sciences","Institute of Vegetables and Flowers, Chinese Academy of Agricultural Sciences",12,107,-2.2033742653331494,0.027568380490522026,1,ns
Evenness," Institute of Horticultural Science, Ningxia Academy of Agriculture and Forestry Sciences","Institute of Vegetables and Flowers, Inner Mongolia Academy of Agricultural & Animal Husbandry Sciences",12,22,-1.984512200892182,0.047198769310987244,1,ns
Evenness," Institute of Horticultural Science, Ningxia Academy of Agriculture and Forestry Sciences","Institute of Vegetables, Tianjin Academy of Agricultural Sciences",12,12,-5.343559788964416,9.113874869469965e-8,6.015157413850177e-6,****
Evenness," Institute of Vegetable Research, Liaoning Academy of Agricultural Sciences","Horticultural Research Institute, Guangxi Academy of Agricultural Sciences",15,109,-0.8372187904688936,0.40246959721940206,1,ns
Evenness," Institute of Vegetable Research, Liaoning Academy of Agricultural Sciences","Horticultural Research Institute, Yunnan Academy of Agricultural Sciences",15,12,1.509073583357247,0.13127997950024936,1,ns
Evenness," Institute of Vegetable Research, Liaoning Academy of Agricultural Sciences","Horticultural Sub_Academy, Heilongjiang Academy of Agricultural Science",15,134,1.2764712582446323,0.20178898064785117,1,ns
Evenness," Institute of Vegetable Research, Liaoning Academy of Agricultural Sciences","Institute of Horticulture, Chengdu Academy of Agriculture and Forestry Sciences",15,12,-4.7371225291293975,2.167741118039621e-6,1.43070913790615e-4,***
Evenness," Institute of Vegetable Research, Liaoning Academy of Agricultural Sciences","Institute of Vegetable Crops, Jiangsu Academy of Agricultural Sciences",15,602,-0.4105189446335031,0.6814253093060734,1,ns
Evenness," Institute of Vegetable Research, Liaoning Academy of Agricultural Sciences","Institute of Vegetable Research, Shanxi Academy of Agricultural Sciences",15,19,0.07574513230555714,0.9396218687175498,1,ns
Evenness," Institute of Vegetable Research, Liaoning Academy of Agricultural Sciences","Institute of Vegetables and Flowers, Chinese Academy of Agricultural Sciences",15,107,-0.5942095104678097,0.5523719925649516,1,ns
Evenness," Institute of Vegetable Research, Liaoning Academy of Agricultural Sciences","Institute of Vegetables and Flowers, Inner Mongolia Academy of Agricultural & Animal Husbandry Sciences",15,22,-0.6129087694583779,0.5399366644334879,1,ns
Evenness," Institute of Vegetable Research, Liaoning Academy of Agricultural Sciences","Institute of Vegetables, Tianjin Academy of Agricultural Sciences",15,12,-4.323659616322309,1.5346201375174255e-5,0.001012849290761501,**
Evenness,"Horticultural Research Institute, Guangxi Academy of Agricultural Sciences","Horticultural Research Institute, Yunnan Academy of Agricultural Sciences",109,12,2.6796762201788797,0.007369340281095944,0.4863764585523323,ns
Evenness,"Horticultural Research Institute, Guangxi Academy of Agricultural Sciences","Horticultural Sub_Academy, Heilongjiang Academy of Agricultural Science",109,134,4.481971294272081,7.3956693452694796e-6,4.8811417678778563e-4,***
Evenness,"Horticultural Research Institute, Guangxi Academy of Agricultural Sciences","Institute of Horticulture, Chengdu Academy of Agriculture and Forestry Sciences",109,12,-5.274082860328514,1.3342161933040932e-7,8.805826875807015e-6,****
Evenness,"Horticultural Research Institute, Guangxi Academy of Agricultural Sciences","Institute of Vegetable Crops, Jiangsu Academy of Agricultural Sciences",109,602,1.184087697241566,0.23637834964748422,1,ns
Evenness,"Horticultural Research Institute, Guangxi Academy of Agricultural Sciences","Institute of Vegetable Research, Shanxi Academy of Agricultural Sciences",109,19,1.0326531944407076,0.3017662247999452,1,ns
Evenness,"Horticultural Research Institute, Guangxi Academy of Agricultural Sciences","Institute of Vegetables and Flowers, Chinese Academy of Agricultural Sciences",109,107,0.49040121108394985,0.6238500198583183,1,ns
Evenness,"Horticultural Research Institute, Guangxi Academy of Agricultural Sciences","Institute of Vegetables and Flowers, Inner Mongolia Academy of Agricultural & Animal Husbandry Sciences",109,22,0.10839184377741597,0.9136848707406502,1,ns
Evenness,"Horticultural Research Institute, Guangxi Academy of Agricultural Sciences","Institute of Vegetables, Tianjin Academy of Agricultural Sciences",109,12,-4.747588920982249,2.058558952840372e-6,1.3586489088746457e-4,***
Evenness,"Horticultural Research Institute, Yunnan Academy of Agricultural Sciences","Horticultural Sub_Academy, Heilongjiang Academy of Agricultural Science",12,134,-0.7862658787077489,0.43171173804000823,1,ns
Evenness,"Horticultural Research Institute, Yunnan Academy of Agricultural Sciences","Institute of Horticulture, Chengdu Academy of Agriculture and Forestry Sciences",12,12,-5.925661928264128,3.1104190943935706e-9,2.0528766022997565e-7,****
Evenness,"Horticultural Research Institute, Yunnan Academy of Agricultural Sciences","Institute of Vegetable Crops, Jiangsu Academy of Agricultural Sciences",12,602,-2.3728275726968837,0.01765250247299851,1,ns
Evenness,"Horticultural Research Institute, Yunnan Academy of Agricultural Sciences","Institute of Vegetable Research, Shanxi Academy of Agricultural Sciences",12,19,-1.5140977765172976,0.13000104253016795,1,ns
Evenness,"Horticultural Research Institute, Yunnan Academy of Agricultural Sciences","Institute of Vegetables and Flowers, Chinese Academy of Agricultural Sciences",12,107,-2.457974919895202,0.013972293142572742,0.922171347409801,ns
Evenness,"Horticultural Research Institute, Yunnan Academy of Agricultural Sciences","Institute of Vegetables and Flowers, Inner Mongolia Academy of Agricultural & Animal Husbandry Sciences",12,22,-2.200491928747648,0.027772011963724696,1,ns
Evenness,"Horticultural Research Institute, Yunnan Academy of Agricultural Sciences","Institute of Vegetables, Tianjin Academy of Agricultural Sciences",12,12,-5.533416568520727,3.140524015006879e-8,2.07274584990454e-6,****
Evenness,"Horticultural Sub_Academy, Heilongjiang Academy of Agricultural Science","Institute of Horticulture, Chengdu Academy of Agriculture and Forestry Sciences",134,12,-7.242112627124674,4.4174875477760064e-13,2.9155417815321644e-11,****
Evenness,"Horticultural Sub_Academy, Heilongjiang Academy of Agricultural Science","Institute of Vegetable Crops, Jiangsu Academy of Agricultural Sciences",134,602,-4.761886207867367,1.917918258687407e-6,1.2658260507336885e-4,***
Evenness,"Horticultural Sub_Academy, Heilongjiang Academy of Agricultural Science","Institute of Vegetable Research, Shanxi Academy of Agricultural Sciences",134,19,-1.310994955328115,0.18985946796097863,1,ns
Evenness,"Horticultural Sub_Academy, Heilongjiang Academy of Agricultural Science","Institute of Vegetables and Flowers, Chinese Academy of Agricultural Sciences",134,107,-3.9442848013324494,8.003849135828168e-5,0.0052825404296465905,**
Evenness,"Horticultural Sub_Academy, Heilongjiang Academy of Agricultural Science","Institute of Vegetables and Flowers, Inner Mongolia Academy of Agricultural & Animal Husbandry Sciences",134,22,-2.4029588769688432,0.01626301616117734,1,ns
Evenness,"Horticultural Sub_Academy, Heilongjiang Academy of Agricultural Science","Institute of Vegetables, Tianjin Academy of Agricultural Sciences",134,12,-6.710679303168758,1.9372044170014746e-11,1.2785549152209732e-9,****
Evenness,"Institute of Horticulture, Chengdu Academy of Agriculture and Forestry Sciences","Institute of Vegetable Crops, Jiangsu Academy of Agricultural Sciences",12,602,5.92502908541932,3.1224212012729743e-9,2.060797992840163e-7,****
Evenness,"Institute of Horticulture, Chengdu Academy of Agriculture and Forestry Sciences","Institute of Vegetable Research, Shanxi Academy of Agricultural Sciences",12,19,5.046566609948353,4.49820116070451e-7,2.9688127660649766e-5,****
Evenness,"Institute of Horticulture, Chengdu Academy of Agriculture and Forestry Sciences","Institute of Vegetables and Flowers, Chinese Academy of Agricultural Sciences",12,107,5.4884224074755155,4.055393399442188e-8,2.676559643631844e-6,****
Evenness,"Institute of Horticulture, Chengdu Academy of Agriculture and Forestry Sciences","Institute of Vegetables and Flowers, Inner Mongolia Academy of Agricultural & Animal Husbandry Sciences",12,22,4.540499115242915,5.612121438995714e-6,3.7040001497371715e-4,***
Evenness,"Institute of Horticulture, Chengdu Academy of Agriculture and Forestry Sciences","Institute of Vegetables, Tianjin Academy of Agricultural Sciences",12,12,0.39224535974340113,0.6948769317675245,1,ns
Evenness,"Institute of Vegetable Crops, Jiangsu Academy of Agricultural Sciences","Institute of Vegetable Research, Shanxi Academy of Agricultural Sciences",602,19,0.5728130631759583,0.5667712732060692,1,ns
Evenness,"Institute of Vegetable Crops, Jiangsu Academy of Agricultural Sciences","Institute of Vegetables and Flowers, Chinese Academy of Agricultural Sciences",602,107,-0.5387059231369762,0.5900897860699645,1,ns
Evenness,"Institute of Vegetable Crops, Jiangsu Academy of Agricultural Sciences","Institute of Vegetables and Flowers, Inner Mongolia Academy of Agricultural & Animal Husbandry Sciences",602,22,-0.4511234799876628,0.6519005558339012,1,ns
Evenness,"Institute of Vegetable Crops, Jiangsu Academy of Agricultural Sciences","Institute of Vegetables, Tianjin Academy of Agricultural Sciences",602,12,-5.375757829420511,7.62612363188968e-8,5.033241597047189e-6,****
Evenness,"Institute of Vegetable Research, Shanxi Academy of Agricultural Sciences","Institute of Vegetables and Flowers, Chinese Academy of Agricultural Sciences",19,107,-0.7631483727613241,0.44537491419974995,1,ns
Evenness,"Institute of Vegetable Research, Shanxi Academy of Agricultural Sciences","Institute of Vegetables and Flowers, Inner Mongolia Academy of Agricultural & Animal Husbandry Sciences",19,22,-0.7388285227546683,0.46001112964639346,1,ns
Evenness,"Institute of Vegetable Research, Shanxi Academy of Agricultural Sciences","Institute of Vegetables, Tianjin Academy of Agricultural Sciences",19,12,-4.612287673083862,3.982612843652941e-6,2.628524476810941e-4,***
Evenness,"Institute of Vegetables and Flowers, Chinese Academy of Agricultural Sciences","Institute of Vegetables and Flowers, Inner Mongolia Academy of Agricultural & Animal Husbandry Sciences",107,22,-0.1768676582783676,0.8596123430314742,1,ns
Evenness,"Institute of Vegetables and Flowers, Chinese Academy of Agricultural Sciences","Institute of Vegetables, Tianjin Academy of Agricultural Sciences",107,12,-4.962415774617943,6.96217603270102e-7,4.595036181582673e-5,****
Evenness,"Institute of Vegetables and Flowers, Inner Mongolia Academy of Agricultural & Animal Husbandry Sciences","Institute of Vegetables, Tianjin Academy of Agricultural Sciences",22,12,-4.094283571884759,4.234757693620474e-5,0.002794940077789513,**
