.y.,group1,group2,n1,n2,statistic,p,p.adj,p.adj.signif
Effective_Richness," College of Horticulture,  Northwest A&F University"," Institute of Horticultural Science, Ningxia Academy of Agriculture and Forestry Sciences",72,12,5.929130484226906,3.0454301570596494e-9,2.0099839036593686e-7,****
Effective_Richness," College of Horticulture,  Northwest A&F University"," Institute of Vegetable Research, Liaoning Academy of Agricultural Sciences",72,15,1.7692852026458679,0.07684629157203349,1,ns
Effective_Richness," College of Horticulture,  Northwest A&F University","Horticultural Research Institute, Guangxi Academy of Agricultural Sciences",72,109,3.2900297859527132,0.0010017677785105555,0.06611667338169666,ns
Effective_Richness," College of Horticulture,  Northwest A&F University","Horticultural Research Institute, Yunnan Academy of Agricultural Sciences",72,12,6.028428032820881,1.6556209116838933e-9,1.0927098017113695e-7,****
Effective_Richness," College of Horticulture,  Northwest A&F University","Horticultural Sub_Academy, Heilongjiang Academy of Agricultural Science",72,134,7.201826227173916,5.94113806435021e-13,3.921151122471139e-11,****
Effective_Richness," College of Horticulture,  Northwest A&F University","Institute of Horticulture, Chengdu Academy of Agriculture and Forestry Sciences",72,12,-2.8147982783250227,0.004880786003808875,0.32213187625138573,ns
Effective_Richness," College of Horticulture,  Northwest A&F University","Institute of Vegetable Crops, Jiangsu Academy of Agricultural Sciences",72,602,6.6924101352108565,2.195245615879689e-11,1.4488621064805948e-9,****
Effective_Richness," College of Horticulture,  Northwest A&F University","Institute of Vegetable Research, Shanxi Academy of Agricultural Sciences",72,19,0.787810859768892,0.43080734789531766,1,ns
Effective_Richness," College of Horticulture,  Northwest A&F University","Institute of Vegetables and Flowers, Chinese Academy of Agricultural Sciences",72,107,4.803334818172401,1.560446261719133e-6,1.0298945327346278e-4,***
Effective_Richness," College of Horticulture,  Northwest A&F University","Institute of Vegetables and Flowers, Inner Mongolia Academy of Agricultural & Animal Husbandry Sciences",72,22,1.9485167612907774,0.051353161235737674,1,ns
Effective_Richness," College of Horticulture,  Northwest A&F University","Institute of Vegetables, Tianjin Academy of Agricultural Sciences",72,12,-2.5415248594672293,0.011037009718085302,0.7284426413936299,ns
Effective_Richness," Institute of Horticultural Science, Ningxia Academy of Agriculture and Forestry Sciences"," Institute of Vegetable Research, Liaoning Academy of Agricultural Sciences",12,15,-3.47682160571018,5.07395297502503e-4,0.0334880896351652,*
Effective_Richness," Institute of Horticultural Science, Ningxia Academy of Agriculture and Forestry Sciences","Horticultural Research Institute, Guangxi Academy of Agricultural Sciences",12,109,-4.435592215112211,9.181951546807292e-6,6.060088020892813e-4,***
Effective_Richness," Institute of Horticultural Science, Ningxia Academy of Agriculture and Forestry Sciences","Horticultural Research Institute, Yunnan Academy of Agricultural Sciences",12,12,0.0758397554592399,0.9395465869029742,1,ns
Effective_Richness," Institute of Horticultural Science, Ningxia Academy of Agriculture and Forestry Sciences","Horticultural Sub_Academy, Heilongjiang Academy of Agricultural Science",12,134,-2.642962837907986,0.008218405495569845,0.5424147627076098,ns
Effective_Richness," Institute of Horticultural Science, Ningxia Academy of Agriculture and Forestry Sciences","Institute of Horticulture, Chengdu Academy of Agriculture and Forestry Sciences",12,12,-6.678285904282629,2.4175306709215205e-11,1.5955702428082035e-9,****
Effective_Richness," Institute of Horticultural Science, Ningxia Academy of Agriculture and Forestry Sciences","Institute of Vegetable Crops, Jiangsu Academy of Agricultural Sciences",12,602,-3.4787549910500055,5.037489263850746e-4,0.03324742914141492,*
Effective_Richness," Institute of Horticultural Science, Ningxia Academy of Agriculture and Forestry Sciences","Institute of Vegetable Research, Shanxi Academy of Agricultural Sciences",12,19,-4.462679348993671,8.094113080692014e-6,5.342114633256729e-4,***
Effective_Richness," Institute of Horticultural Science, Ningxia Academy of Agriculture and Forestry Sciences","Institute of Vegetables and Flowers, Chinese Academy of Agricultural Sciences",12,107,-3.667685024973507,2.4475642885631905e-4,0.016153924304517057,*
Effective_Richness," Institute of Horticultural Science, Ningxia Academy of Agriculture and Forestry Sciences","Institute of Vegetables and Flowers, Inner Mongolia Academy of Agricultural & Animal Husbandry Sciences",12,22,-3.828856085995619,1.2874025837348845e-4,0.008496857052650238,**
Effective_Richness," Institute of Horticultural Science, Ningxia Academy of Agriculture and Forestry Sciences","Institute of Vegetables, Tianjin Academy of Agricultural Sciences",12,12,-6.469569883060093,9.82822695677049e-11,6.4866297914685236e-9,****
Effective_Richness," Institute of Vegetable Research, Liaoning Academy of Agricultural Sciences","Horticultural Research Institute, Guangxi Academy of Agricultural Sciences",15,109,-0.009155071655341903,0.9926954117127228,1,ns
Effective_Richness," Institute of Vegetable Research, Liaoning Academy of Agricultural Sciences","Horticultural Research Institute, Yunnan Academy of Agricultural Sciences",15,12,3.556763727190642,3.754515486476487e-4,0.024779802210744814,*
Effective_Richness," Institute of Vegetable Research, Liaoning Academy of Agricultural Sciences","Horticultural Sub_Academy, Heilongjiang Academy of Agricultural Science",15,134,2.0207353118141307,0.04330717235720056,1,ns
Effective_Richness," Institute of Vegetable Research, Liaoning Academy of Agricultural Sciences","Institute of Horticulture, Chengdu Academy of Agriculture and Forestry Sciences",15,12,-3.5627098353999327,3.6704631077514156e-4,0.024225056511159342,*
Effective_Richness," Institute of Vegetable Research, Liaoning Academy of Agricultural Sciences","Institute of Vegetable Crops, Jiangsu Academy of Agricultural Sciences",15,602,1.271548833245704,0.20353346632817496,1,ns
Effective_Richness," Institute of Vegetable Research, Liaoning Academy of Agricultural Sciences","Institute of Vegetable Research, Shanxi Academy of Agricultural Sciences",15,19,-0.8656020443149495,0.38670843413854594,1,ns
Effective_Richness," Institute of Vegetable Research, Liaoning Academy of Agricultural Sciences","Institute of Vegetables and Flowers, Chinese Academy of Agricultural Sciences",15,107,0.8342467559873367,0.40414194857112296,1,ns
Effective_Richness," Institute of Vegetable Research, Liaoning Academy of Agricultural Sciences","Institute of Vegetables and Flowers, Inner Mongolia Academy of Agricultural & Animal Husbandry Sciences",15,22,-0.08211392804389306,0.9345561175507295,1,ns
Effective_Richness," Institute of Vegetable Research, Liaoning Academy of Agricultural Sciences","Institute of Vegetables, Tianjin Academy of Agricultural Sciences",15,12,-3.342703831656182,8.296639764086383e-4,0.05475782244297013,ns
Effective_Richness,"Horticultural Research Institute, Guangxi Academy of Agricultural Sciences","Horticultural Research Institute, Yunnan Academy of Agricultural Sciences",109,12,4.537388630592853,5.695509063973299e-6,3.759035982222377e-4,***
Effective_Richness,"Horticultural Research Institute, Guangxi Academy of Agricultural Sciences","Horticultural Sub_Academy, Heilongjiang Academy of Agricultural Science",109,134,4.285018354622337,1.827241020127463e-5,0.0012059790732841255,**
Effective_Richness,"Horticultural Research Institute, Guangxi Academy of Agricultural Sciences","Institute of Horticulture, Chengdu Academy of Agriculture and Forestry Sciences",109,12,-4.5283813960135895,5.943722773291878e-6,3.9228570303726396e-4,***
Effective_Richness,"Horticultural Research Institute, Guangxi Academy of Agricultural Sciences","Institute of Vegetable Crops, Jiangsu Academy of Agricultural Sciences",109,602,3.217290946565838,0.0012940729596047425,0.08540881533391301,ns
Effective_Richness,"Horticultural Research Institute, Guangxi Academy of Agricultural Sciences","Institute of Vegetable Research, Shanxi Academy of Agricultural Sciences",109,19,-1.192456273395469,0.23308238643408546,1,ns
Effective_Richness,"Horticultural Research Institute, Guangxi Academy of Agricultural Sciences","Institute of Vegetables and Flowers, Chinese Academy of Agricultural Sciences",109,107,1.708637274262826,0.08751815968415201,1,ns
Effective_Richness,"Horticultural Research Institute, Guangxi Academy of Agricultural Sciences","Institute of Vegetables and Flowers, Inner Mongolia Academy of Agricultural & Animal Husbandry Sciences",109,22,-0.10685150057459611,0.9149067897580934,1,ns
Effective_Richness,"Horticultural Research Institute, Guangxi Academy of Agricultural Sciences","Institute of Vegetables, Tianjin Academy of Agricultural Sciences",109,12,-4.248230930269347,2.1546522943559346e-5,0.0014220705142749168,**
Effective_Richness,"Horticultural Research Institute, Yunnan Academy of Agricultural Sciences","Horticultural Sub_Academy, Heilongjiang Academy of Agricultural Science",12,134,-2.7457142722603862,0.006037932425902111,0.3985035401095393,ns
Effective_Richness,"Horticultural Research Institute, Yunnan Academy of Agricultural Sciences","Institute of Horticulture, Chengdu Academy of Agriculture and Forestry Sciences",12,12,-6.754125659741869,1.4369916840385725e-11,9.4841451146545785e-10,****
Effective_Richness,"Horticultural Research Institute, Yunnan Academy of Agricultural Sciences","Institute of Vegetable Crops, Jiangsu Academy of Agricultural Sciences",12,602,-3.5849553493231796,3.371358788894298e-4,0.022250968006702367,*
Effective_Richness,"Horticultural Research Institute, Yunnan Academy of Agricultural Sciences","Institute of Vegetable Research, Shanxi Academy of Agricultural Sciences",12,19,-4.54664620176778,5.450751075782656e-6,3.597495710016553e-4,***
Effective_Richness,"Horticultural Research Institute, Yunnan Academy of Agricultural Sciences","Institute of Vegetables and Flowers, Chinese Academy of Agricultural Sciences",12,107,-3.76938722084385,1.6364883315998026e-4,0.010800822988558697,*
Effective_Richness,"Horticultural Research Institute, Yunnan Academy of Agricultural Sciences","Institute of Vegetables and Flowers, Inner Mongolia Academy of Agricultural & Animal Husbandry Sciences",12,22,-3.9151308547080714,9.035519009403352e-5,0.005963442546206212,**
Effective_Richness,"Horticultural Research Institute, Yunnan Academy of Agricultural Sciences","Institute of Vegetables, Tianjin Academy of Agricultural Sciences",12,12,-6.545409638519334,5.933252473711751e-11,3.915946632649756e-9,****
Effective_Richness,"Horticultural Sub_Academy, Heilongjiang Academy of Agricultural Science","Institute of Horticulture, Chengdu Academy of Agriculture and Forestry Sciences",134,12,-6.405107682958294,1.5026328862643155e-10,9.917377049344482e-9,****
Effective_Richness,"Horticultural Sub_Academy, Heilongjiang Academy of Agricultural Science","Institute of Vegetable Crops, Jiangsu Academy of Agricultural Sciences",134,602,-2.280204142455775,0.0225955837748921,1,ns
Effective_Richness,"Horticultural Sub_Academy, Heilongjiang Academy of Agricultural Science","Institute of Vegetable Research, Shanxi Academy of Agricultural Sciences",134,19,-3.4639405964774164,5.323240499277849e-4,0.035133387295233805,*
Effective_Richness,"Horticultural Sub_Academy, Heilongjiang Academy of Agricultural Science","Institute of Vegetables and Flowers, Chinese Academy of Agricultural Sciences",134,107,-2.4695793634420937,0.013527200893530154,0.8927952589729902,ns
Effective_Richness,"Horticultural Sub_Academy, Heilongjiang Academy of Agricultural Science","Institute of Vegetables and Flowers, Inner Mongolia Academy of Agricultural & Animal Husbandry Sciences",134,22,-2.511221934782342,0.012031403027327936,0.7940725998036438,ns
Effective_Richness,"Horticultural Sub_Academy, Heilongjiang Academy of Agricultural Science","Institute of Vegetables, Tianjin Academy of Agricultural Sciences",134,12,-6.1223289421372264,9.221739617356872e-10,6.086348147455536e-8,****
Effective_Richness,"Institute of Horticulture, Chengdu Academy of Agriculture and Forestry Sciences","Institute of Vegetable Crops, Jiangsu Academy of Agricultural Sciences",12,602,5.873020359368725,4.279258948866805e-9,2.8243109062520916e-7,****
Effective_Richness,"Institute of Horticulture, Chengdu Academy of Agriculture and Forestry Sciences","Institute of Vegetable Research, Shanxi Academy of Agricultural Sciences",12,19,2.9312612816520476,0.003375887132687474,0.2228085507573733,ns
Effective_Richness,"Institute of Horticulture, Chengdu Academy of Agriculture and Forestry Sciences","Institute of Vegetables and Flowers, Chinese Academy of Agricultural Sciences",12,107,5.287991809724844,1.23666514204961e-7,8.161989937527427e-6,****
Effective_Richness,"Institute of Horticulture, Chengdu Academy of Agriculture and Forestry Sciences","Institute of Vegetables and Flowers, Inner Mongolia Academy of Agricultural & Animal Husbandry Sciences",12,22,3.7683146630223443,1.6435344523993087e-4,0.010847327385835437,*
Effective_Richness,"Institute of Horticulture, Chengdu Academy of Agriculture and Forestry Sciences","Institute of Vegetables, Tianjin Academy of Agricultural Sciences",12,12,0.2087160212225355,0.8346699324538112,1,ns
Effective_Richness,"Institute of Vegetable Crops, Jiangsu Academy of Agricultural Sciences","Institute of Vegetable Research, Shanxi Academy of Agricultural Sciences",602,19,-2.7095765389010418,0.006736915929174834,0.44463645132553903,ns
Effective_Richness,"Institute of Vegetable Crops, Jiangsu Academy of Agricultural Sciences","Institute of Vegetables and Flowers, Chinese Academy of Agricultural Sciences",602,107,-0.9757791955516121,0.3291738966075868,1,ns
Effective_Richness,"Institute of Vegetable Crops, Jiangsu Academy of Agricultural Sciences","Institute of Vegetables and Flowers, Inner Mongolia Academy of Agricultural & Animal Husbandry Sciences",602,22,-1.6579316030280742,0.09733127249052181,1,ns
Effective_Richness,"Institute of Vegetable Crops, Jiangsu Academy of Agricultural Sciences","Institute of Vegetables, Tianjin Academy of Agricultural Sciences",602,12,-5.58074995188966,2.3948372440122743e-8,1.5805925810481011e-6,****
Effective_Richness,"Institute of Vegetable Research, Shanxi Academy of Agricultural Sciences","Institute of Vegetables and Flowers, Chinese Academy of Agricultural Sciences",19,107,2.124822990984408,0.03360138565604936,1,ns
Effective_Richness,"Institute of Vegetable Research, Shanxi Academy of Agricultural Sciences","Institute of Vegetables and Flowers, Inner Mongolia Academy of Agricultural & Animal Husbandry Sciences",19,22,0.8668297642059872,0.38603529125452507,1,ns
Effective_Richness,"Institute of Vegetable Research, Shanxi Academy of Agricultural Sciences","Institute of Vegetables, Tianjin Academy of Agricultural Sciences",19,12,-2.7001789512902437,0.0069302188275267495,0.4573944426167655,ns
Effective_Richness,"Institute of Vegetables and Flowers, Chinese Academy of Agricultural Sciences","Institute of Vegetables and Flowers, Inner Mongolia Academy of Agricultural & Animal Husbandry Sciences",107,22,-1.0999831655736108,0.2713394567935541,1,ns
Effective_Richness,"Institute of Vegetables and Flowers, Chinese Academy of Agricultural Sciences","Institute of Vegetables, Tianjin Academy of Agricultural Sciences",107,12,-5.008100642577538,5.496979086152469e-7,3.628006196860629e-5,****
Effective_Richness,"Institute of Vegetables and Flowers, Inner Mongolia Academy of Agricultural & Animal Husbandry Sciences","Institute of Vegetables, Tianjin Academy of Agricultural Sciences",22,12,-3.5308807954087373,4.141783606001701e-4,0.027335771799611226,*
