.y.,group1,group2,n1,n2,statistic,p,p.adj,p.adj.signif
Effective_Richness,Chengdu,Guangxi,12,109,4.5283813960135895,5.943722773291878e-6,3.9228570303726396e-4,***
Effective_Richness,Chengdu,Haidian (Beijing),12,106,5.279097228626789,1.2982190845743548e-7,8.568245958190741e-6,****
Effective_Richness,Chengdu,Heilongjiang,12,135,6.417389195345341,1.386311909733296e-10,9.149658604239754e-9,****
Effective_Richness,Chengdu,Inner Mongolia,12,22,3.7683146630223443,1.6435344523993087e-4,0.010847327385835437,*
Effective_Richness,Chengdu,Jiangsu,12,602,5.873020359368725,4.279258948866805e-9,2.8243109062520916e-7,****
Effective_Richness,Chengdu,Liaoning,12,15,3.5627098353999327,3.6704631077514156e-4,0.024225056511159342,*
Effective_Richness,Chengdu,Ningxia,12,12,6.678285904282629,2.4175306709215205e-11,1.5955702428082035e-9,****
Effective_Richness,Chengdu,Shanxi,12,19,2.9312612816520476,0.003375887132687474,0.2228085507573733,ns
Effective_Richness,Chengdu,Tianjin,12,12,0.2087160212225355,0.8346699324538112,1,ns
Effective_Richness,Chengdu,Yangling,12,72,2.7909996922983686,0.005254552224293017,0.34680044680333916,ns
Effective_Richness,Chengdu,Yunnan,12,12,6.754125659741869,1.4369916840385725e-11,9.4841451146545785e-10,****
Effective_Richness,Guangxi,Haidian (Beijing),109,106,1.6903371281216262,0.09096347582233465,1,ns
Effective_Richness,Guangxi,Heilongjiang,109,135,4.316321888724736,1.5865058201783858e-5,0.0010470938413177347,**
Effective_Richness,Guangxi,Inner Mongolia,109,22,-0.10685150057459611,0.9149067897580934,1,ns
Effective_Richness,Guangxi,Jiangsu,109,602,3.217290946565838,0.0012940729596047425,0.08540881533391301,ns
Effective_Richness,Guangxi,Liaoning,109,15,0.009155071655341903,0.9926954117127228,1,ns
Effective_Richness,Guangxi,Ningxia,109,12,4.435592215112211,9.181951546807292e-6,6.060088020892813e-4,***
Effective_Richness,Guangxi,Shanxi,109,19,-1.192456273395469,0.23308238643408546,1,ns
Effective_Richness,Guangxi,Tianjin,109,12,-4.248230930269347,2.1546522943559346e-5,0.0014220705142749168,**
Effective_Richness,Guangxi,Yangling,109,72,-3.3388921118636565,8.411322569413167e-4,0.055514728958126904,ns
Effective_Richness,Guangxi,Yunnan,109,12,4.537388630592853,5.695509063973299e-6,3.759035982222377e-4,***
Effective_Richness,Haidian (Beijing),Heilongjiang,106,135,2.5061229493633546,0.012206316696376967,0.8056169019608798,ns
Effective_Richness,Haidian (Beijing),Inner Mongolia,106,22,-1.0908036976724018,0.2753592690703884,1,ns
Effective_Richness,Haidian (Beijing),Jiangsu,106,602,0.990345676194176,0.3220051880796108,1,ns
Effective_Richness,Haidian (Beijing),Liaoning,106,15,-0.8267180840217718,0.4083968689522592,1,ns
Effective_Richness,Haidian (Beijing),Ningxia,106,12,3.6723227682323825,2.4035583859756477e-4,0.015863485347439275,*
Effective_Richness,Haidian (Beijing),Shanxi,106,19,-2.11551194833828,0.03438633766361436,1,ns
Effective_Richness,Haidian (Beijing),Tianjin,106,12,-4.999339100146817,5.752715395232218e-7,3.796792160853264e-5,****
Effective_Richness,Haidian (Beijing),Yangling,106,72,-4.830110466288928,1.3645732404431453e-6,9.00618338692476e-5,****
Effective_Richness,Haidian (Beijing),Yunnan,106,12,3.7739766227251055,1.6066582279528245e-4,0.010603944304488641,*
Effective_Richness,Heilongjiang,Inner Mongolia,135,22,-2.526069803862362,0.011534656017756308,0.7612872971719163,ns
Effective_Richness,Heilongjiang,Jiangsu,135,602,-2.319822198138484,0.020350497726358815,1,ns
Effective_Richness,Heilongjiang,Liaoning,135,15,-2.0329232961999595,0.042060273006364536,1,ns
Effective_Richness,Heilongjiang,Ningxia,135,12,2.6334369432248037,0.008452552929440478,0.5578684933430715,ns
Effective_Richness,Heilongjiang,Shanxi,135,19,-3.478235342592236,5.047265769187355e-4,0.03331195407663654,*
Effective_Richness,Heilongjiang,Tianjin,135,12,-6.1345243333890895,8.541437017417109e-10,5.637348431495292e-8,****
Effective_Richness,Heilongjiang,Yangling,135,72,-7.283340801486325,3.2565316702056127e-13,2.1493109023357044e-11,****
Effective_Richness,Heilongjiang,Yunnan,135,12,2.736219670842541,0.006214952260327137,0.41018684918159104,ns
Effective_Richness,Inner Mongolia,Jiangsu,22,602,1.6579316030280742,0.09733127249052181,1,ns
Effective_Richness,Inner Mongolia,Liaoning,22,15,0.08211392804389306,0.9345561175507295,1,ns
Effective_Richness,Inner Mongolia,Ningxia,22,12,3.828856085995619,1.2874025837348845e-4,0.008496857052650238,**
Effective_Richness,Inner Mongolia,Shanxi,22,19,-0.8668297642059872,0.38603529125452507,1,ns
Effective_Richness,Inner Mongolia,Tianjin,22,12,-3.5308807954087373,4.141783606001701e-4,0.027335771799611226,*
Effective_Richness,Inner Mongolia,Yangling,22,72,-1.9789780019784229,0.047818483051839465,1,ns
Effective_Richness,Inner Mongolia,Yunnan,22,12,3.9151308547080714,9.035519009403352e-5,0.005963442546206212,**
Effective_Richness,Jiangsu,Liaoning,602,15,-1.271548833245704,0.20353346632817496,1,ns
Effective_Richness,Jiangsu,Ningxia,602,12,3.4787549910500055,5.037489263850746e-4,0.03324742914141492,*
Effective_Richness,Jiangsu,Shanxi,602,19,-2.7095765389010418,0.006736915929174834,0.44463645132553903,ns
Effective_Richness,Jiangsu,Tianjin,602,12,-5.58074995188966,2.3948372440122743e-8,1.5805925810481011e-6,****
Effective_Richness,Jiangsu,Yangling,602,72,-6.751917192177123,1.4590414813649577e-11,9.629673777008721e-10,****
Effective_Richness,Jiangsu,Yunnan,602,12,3.5849553493231796,3.371358788894298e-4,0.022250968006702367,*
Effective_Richness,Liaoning,Ningxia,15,12,3.47682160571018,5.07395297502503e-4,0.0334880896351652,*
Effective_Richness,Liaoning,Shanxi,15,19,-0.8656020443149495,0.38670843413854594,1,ns
Effective_Richness,Liaoning,Tianjin,15,12,-3.342703831656182,8.296639764086383e-4,0.05475782244297013,ns
Effective_Richness,Liaoning,Yangling,15,72,-1.7954300540480228,0.0725852076548054,1,ns
Effective_Richness,Liaoning,Yunnan,15,12,3.556763727190642,3.754515486476487e-4,0.024779802210744814,*
Effective_Richness,Ningxia,Shanxi,12,19,-4.462679348993671,8.094113080692014e-6,5.342114633256729e-4,***
Effective_Richness,Ningxia,Tianjin,12,12,-6.469569883060093,9.82822695677049e-11,6.4866297914685236e-9,****
Effective_Richness,Ningxia,Yangling,12,72,-5.952929070253562,2.633854675317275e-9,1.7383440857094014e-7,****
Effective_Richness,Ningxia,Yunnan,12,12,0.0758397554592399,0.9395465869029742,1,ns
Effective_Richness,Shanxi,Tianjin,19,12,-2.7001789512902437,0.0069302188275267495,0.4573944426167655,ns
Effective_Richness,Shanxi,Yangling,19,72,-0.8165819473402359,0.414167375174043,1,ns
Effective_Richness,Shanxi,Yunnan,19,12,4.54664620176778,5.450751075782656e-6,3.597495710016553e-4,***
Effective_Richness,Tianjin,Yangling,12,72,2.5177262734405748,0.011811507460203572,0.7795594923734358,ns
Effective_Richness,Tianjin,Yunnan,12,12,6.545409638519334,5.933252473711751e-11,3.915946632649756e-9,****
Effective_Richness,Yangling,Yunnan,72,12,6.052226618847534,1.428573057777715e-9,9.428582181332919e-8,****
