.y.,group1,group2,n1,n2,statistic,p,p.adj,p.adj.signif
Effective_Richness,3_Gen_Cotton_bollworm,4_Gen_Whitefly_Res,12,12,-0.31467218938777375,0.7530105619770202,1,ns
Effective_Richness,3_Gen_Cotton_bollworm,5_Gen_Aphids_Res,12,68,3.4177265833154897,6.314650801820354e-4,0.00947197620273053,**
Effective_Richness,3_Gen_Cotton_bollworm,6_High_Aphids_Res,12,66,2.6500145765873624,0.008048829812504637,0.12073244718756955,ns
Effective_Richness,3_Gen_Cotton_bollworm,General,12,384,1.4030730320640599,0.16059506200726012,1,ns
Effective_Richness,3_Gen_Cotton_bollworm,Weak,12,24,-0.016581546368011915,0.9867704464006825,1,ns
Effective_Richness,4_Gen_Whitefly_Res,5_Gen_Aphids_Res,12,68,3.8280089220969216,1.291840746994592e-4,0.001937761120491888,**
Effective_Richness,4_Gen_Whitefly_Res,6_High_Aphids_Res,12,66,3.059367622354995,0.0022180478790861254,0.03327071818629188,*
Effective_Richness,4_Gen_Whitefly_Res,General,12,384,1.8412922090486283,0.06557874883549891,0.9836812325324837,ns
Effective_Richness,4_Gen_Whitefly_Res,Weak,12,24,0.34677060013102823,0.7287636658897285,1,ns
Effective_Richness,5_Gen_Aphids_Res,6_High_Aphids_Res,68,66,-1.3802433286517501,0.16751173735008118,1,ns
Effective_Richness,5_Gen_Aphids_Res,General,68,384,-5.007457491073459,5.515372711579093e-7,8.27305906736864e-6,****
Effective_Richness,5_Gen_Aphids_Res,Weak,68,24,-4.531855772442421,5.846776508996914e-6,8.770164763495371e-5,****
Effective_Richness,6_High_Aphids_Res,General,66,384,-3.154384671513102,0.001608369336257543,0.024125540043863143,*
Effective_Richness,6_High_Aphids_Res,Weak,66,24,-3.51350071838988,4.422432178638444e-4,0.006633648267957666,**
Effective_Richness,General,Weak,384,24,-1.9827096358331189,0.047399872643738655,0.7109980896560798,ns
