.y.,group1,group2,n1,n2,statistic,p,p.adj,p.adj.signif
Shannon_Effective," College of Horticulture,  Northwest A&F University"," Institute of Horticultural Science, Ningxia Academy of Agriculture and Forestry Sciences",72,12,5.1806864519135,2.210708270568199e-7,1.4590674585750115e-5,****
Shannon_Effective," College of Horticulture,  Northwest A&F University"," Institute of Vegetable Research, Liaoning Academy of Agricultural Sciences",72,15,2.0151151381768324,0.04389258643510379,1,ns
Shannon_Effective," College of Horticulture,  Northwest A&F University","Horticultural Research Institute, Guangxi Academy of Agricultural Sciences",72,109,3.269240754295307,0.0010783650434209604,0.07117209286578338,ns
Shannon_Effective," College of Horticulture,  Northwest A&F University","Horticultural Research Institute, Yunnan Academy of Agricultural Sciences",72,12,5.583912832833897,2.3516660537741254e-8,1.5520995954909228e-6,****
Shannon_Effective," College of Horticulture,  Northwest A&F University","Horticultural Sub_Academy, Heilongjiang Academy of Agricultural Science",72,134,7.305747359408379,2.7572982392696426e-13,1.8198168379179643e-11,****
Shannon_Effective," College of Horticulture,  Northwest A&F University","Institute of Horticulture, Chengdu Academy of Agriculture and Forestry Sciences",72,12,-3.221845782850902,0.0012736767030240672,0.08406266239958843,ns
Shannon_Effective," College of Horticulture,  Northwest A&F University","Institute of Vegetable Crops, Jiangsu Academy of Agricultural Sciences",72,602,6.222767308612151,4.884615656162736e-10,3.223846333067406e-8,****
Shannon_Effective," College of Horticulture,  Northwest A&F University","Institute of Vegetable Research, Shanxi Academy of Agricultural Sciences",72,19,1.930532509660387,0.05354089112195049,1,ns
Shannon_Effective," College of Horticulture,  Northwest A&F University","Institute of Vegetables and Flowers, Chinese Academy of Agricultural Sciences",72,107,4.311808561340479,1.6192460416871726e-5,0.0010687023875135338,**
Shannon_Effective," College of Horticulture,  Northwest A&F University","Institute of Vegetables and Flowers, Inner Mongolia Academy of Agricultural & Animal Husbandry Sciences",72,22,1.6417662272606302,0.1006384606572276,1,ns
Shannon_Effective," College of Horticulture,  Northwest A&F University","Institute of Vegetables, Tianjin Academy of Agricultural Sciences",72,12,-2.694739069236751,0.007044377173948308,0.46492889348058836,ns
Shannon_Effective," Institute of Horticultural Science, Ningxia Academy of Agriculture and Forestry Sciences"," Institute of Vegetable Research, Liaoning Academy of Agricultural Sciences",12,15,-2.6941158275430688,0.00705756340926183,0.4657991850112808,ns
Shannon_Effective," Institute of Horticultural Science, Ningxia Academy of Agriculture and Forestry Sciences","Horticultural Research Institute, Guangxi Academy of Agricultural Sciences",12,109,-3.678693444945153,2.34431844750204e-4,0.015472501753513465,*
Shannon_Effective," Institute of Horticultural Science, Ningxia Academy of Agriculture and Forestry Sciences","Horticultural Research Institute, Yunnan Academy of Agricultural Sciences",12,12,0.307969235461802,0.7581057418885908,1,ns
Shannon_Effective," Institute of Horticultural Science, Ningxia Academy of Agriculture and Forestry Sciences","Horticultural Sub_Academy, Heilongjiang Academy of Agricultural Science",12,134,-1.8180907673663755,0.06905026089654966,1,ns
Shannon_Effective," Institute of Horticultural Science, Ningxia Academy of Agriculture and Forestry Sciences","Institute of Horticulture, Chengdu Academy of Agriculture and Forestry Sciences",12,12,-6.417539999185721,1.384939787893637e-10,9.140602600098006e-9,****
Shannon_Effective," Institute of Horticultural Science, Ningxia Academy of Agriculture and Forestry Sciences","Institute of Vegetable Crops, Jiangsu Academy of Agricultural Sciences",12,602,-2.8791623353140587,0.003987330307691466,0.26316380030763675,ns
Shannon_Effective," Institute of Horticultural Science, Ningxia Academy of Agriculture and Forestry Sciences","Institute of Vegetable Research, Shanxi Academy of Agricultural Sciences",12,19,-3.030498148696827,0.0024415068380589365,0.1611394513118898,ns
Shannon_Effective," Institute of Horticultural Science, Ningxia Academy of Agriculture and Forestry Sciences","Institute of Vegetables and Flowers, Chinese Academy of Agricultural Sciences",12,107,-3.1472233297885377,0.001648290133933001,0.10878714883957806,ns
Shannon_Effective," Institute of Horticultural Science, Ningxia Academy of Agriculture and Forestry Sciences","Institute of Vegetables and Flowers, Inner Mongolia Academy of Agricultural & Animal Husbandry Sciences",12,22,-3.3867954060954912,7.071410110800221e-4,0.04667130673128146,*
Shannon_Effective," Institute of Horticultural Science, Ningxia Academy of Agriculture and Forestry Sciences","Institute of Vegetables, Tianjin Academy of Agricultural Sciences",12,12,-6.014955596776346,1.7993601487529778e-9,1.1875776981769654e-7,****
Shannon_Effective," Institute of Vegetable Research, Liaoning Academy of Agricultural Sciences","Horticultural Research Institute, Guangxi Academy of Agricultural Sciences",15,109,-0.2739748531136984,0.7841039468234766,1,ns
Shannon_Effective," Institute of Vegetable Research, Liaoning Academy of Agricultural Sciences","Horticultural Research Institute, Yunnan Academy of Agricultural Sciences",15,12,3.0187439053164,0.0025382499339627273,0.16752449564154,ns
Shannon_Effective," Institute of Vegetable Research, Liaoning Academy of Agricultural Sciences","Horticultural Sub_Academy, Heilongjiang Academy of Agricultural Science",15,134,1.8202443883940012,0.06872179610300913,1,ns
Shannon_Effective," Institute of Vegetable Research, Liaoning Academy of Agricultural Sciences","Institute of Horticulture, Chengdu Academy of Agriculture and Forestry Sciences",15,12,-4.070565296677599,4.689919290520007e-5,0.0030953467317432048,**
Shannon_Effective," Institute of Vegetable Research, Liaoning Academy of Agricultural Sciences","Institute of Vegetable Crops, Jiangsu Academy of Agricultural Sciences",15,602,0.7805825989041457,0.4350480295202701,1,ns
Shannon_Effective," Institute of Vegetable Research, Liaoning Academy of Agricultural Sciences","Institute of Vegetable Research, Shanxi Academy of Agricultural Sciences",15,19,-0.21430992956866596,0.8303053752452482,1,ns
Shannon_Effective," Institute of Vegetable Research, Liaoning Academy of Agricultural Sciences","Institute of Vegetables and Flowers, Chinese Academy of Agricultural Sciences",15,107,0.30942510256831973,0.756998177600721,1,ns
Shannon_Effective," Institute of Vegetable Research, Liaoning Academy of Agricultural Sciences","Institute of Vegetables and Flowers, Inner Mongolia Academy of Agricultural & Animal Husbandry Sciences",15,22,-0.5136514432936772,0.6074957060640666,1,ns
Shannon_Effective," Institute of Vegetable Research, Liaoning Academy of Agricultural Sciences","Institute of Vegetables, Tianjin Academy of Agricultural Sciences",15,12,-3.6462040759871313,2.661426432449961e-4,0.01756541445416974,*
Shannon_Effective,"Horticultural Research Institute, Guangxi Academy of Agricultural Sciences","Horticultural Research Institute, Yunnan Academy of Agricultural Sciences",109,12,4.092067196725959,4.275447110193373e-5,0.0028217950927276266,**
Shannon_Effective,"Horticultural Research Institute, Guangxi Academy of Agricultural Sciences","Horticultural Sub_Academy, Heilongjiang Academy of Agricultural Science",109,134,4.427223690701778,9.54537290952513e-6,6.299946120286586e-4,***
Shannon_Effective,"Horticultural Research Institute, Guangxi Academy of Agricultural Sciences","Institute of Horticulture, Chengdu Academy of Agriculture and Forestry Sciences",109,12,-4.9352922432319,8.003083236022476e-7,5.2820349357748343e-5,****
Shannon_Effective,"Horticultural Research Institute, Guangxi Academy of Agricultural Sciences","Institute of Vegetable Crops, Jiangsu Academy of Agricultural Sciences",109,602,2.685007728007701,0.007252812917817194,0.47868565257593476,ns
Shannon_Effective,"Horticultural Research Institute, Guangxi Academy of Agricultural Sciences","Institute of Vegetable Research, Shanxi Academy of Agricultural Sciences",109,19,0.005747400126588698,0.9954142634207257,1,ns
Shannon_Effective,"Horticultural Research Institute, Guangxi Academy of Agricultural Sciences","Institute of Vegetables and Flowers, Chinese Academy of Agricultural Sciences",109,107,1.1812907522173117,0.23748723978051436,1,ns
Shannon_Effective,"Horticultural Research Institute, Guangxi Academy of Agricultural Sciences","Institute of Vegetables and Flowers, Inner Mongolia Academy of Agricultural & Animal Husbandry Sciences",109,22,-0.41305698058183676,0.6795648669326428,1,ns
Shannon_Effective,"Horticultural Research Institute, Guangxi Academy of Agricultural Sciences","Institute of Vegetables, Tianjin Academy of Agricultural Sciences",109,12,-4.3949206551969695,1.1081322184285584e-5,7.313672641628485e-4,***
Shannon_Effective,"Horticultural Research Institute, Yunnan Academy of Agricultural Sciences","Horticultural Sub_Academy, Heilongjiang Academy of Agricultural Science",12,134,-2.2353426491596844,0.025394862128250355,1,ns
Shannon_Effective,"Horticultural Research Institute, Yunnan Academy of Agricultural Sciences","Institute of Horticulture, Chengdu Academy of Agriculture and Forestry Sciences",12,12,-6.725509234647523,1.7497939387796705e-11,1.1548639995945826e-9,****
Shannon_Effective,"Horticultural Research Institute, Yunnan Academy of Agricultural Sciences","Institute of Vegetable Crops, Jiangsu Academy of Agricultural Sciences",12,602,-3.3104195690051275,9.315622018850686e-4,0.061483105324414526,ns
Shannon_Effective,"Horticultural Research Institute, Yunnan Academy of Agricultural Sciences","Institute of Vegetable Research, Shanxi Academy of Agricultural Sciences",12,19,-3.371469810543419,7.476823283396418e-4,0.04934703367041636,*
Shannon_Effective,"Horticultural Research Institute, Yunnan Academy of Agricultural Sciences","Institute of Vegetables and Flowers, Chinese Academy of Agricultural Sciences",12,107,-3.560214475623779,3.7055202240573293e-4,0.024456433478778374,*
Shannon_Effective,"Horticultural Research Institute, Yunnan Academy of Agricultural Sciences","Institute of Vegetables and Flowers, Inner Mongolia Academy of Agricultural & Animal Husbandry Sciences",12,22,-3.737139027315337,1.8612602035433424e-4,0.01228431734338606,*
Shannon_Effective,"Horticultural Research Institute, Yunnan Academy of Agricultural Sciences","Institute of Vegetables, Tianjin Academy of Agricultural Sciences",12,12,-6.322924832238148,2.5665817088339874e-10,1.6939439278304316e-8,****
Shannon_Effective,"Horticultural Sub_Academy, Heilongjiang Academy of Agricultural Science","Institute of Horticulture, Chengdu Academy of Agriculture and Forestry Sciences",134,12,-6.876708364530021,6.125132173137214e-12,4.042587234270561e-10,****
Shannon_Effective,"Horticultural Sub_Academy, Heilongjiang Academy of Agricultural Science","Institute of Vegetable Crops, Jiangsu Academy of Agricultural Sciences",134,602,-3.052298934239442,0.0022709581607013867,0.14988323860629152,ns
Shannon_Effective,"Horticultural Sub_Academy, Heilongjiang Academy of Agricultural Science","Institute of Vegetable Research, Shanxi Academy of Agricultural Sciences",134,19,-2.3236162057269136,0.020146073085161344,1,ns
Shannon_Effective,"Horticultural Sub_Academy, Heilongjiang Academy of Agricultural Science","Institute of Vegetables and Flowers, Chinese Academy of Agricultural Sciences",134,107,-3.164603279625986,0.0015529453592038136,0.1024943937074517,ns
Shannon_Effective,"Horticultural Sub_Academy, Heilongjiang Academy of Agricultural Science","Institute of Vegetables and Flowers, Inner Mongolia Academy of Agricultural & Animal Husbandry Sciences",134,22,-2.902076232736059,0.003706983197494463,0.24466089103463456,ns
Shannon_Effective,"Horticultural Sub_Academy, Heilongjiang Academy of Agricultural Science","Institute of Vegetables, Tianjin Academy of Agricultural Sciences",134,12,-6.331267196570303,2.431558397375287e-10,1.6048285422676896e-8,****
Shannon_Effective,"Institute of Horticulture, Chengdu Academy of Agriculture and Forestry Sciences","Institute of Vegetable Crops, Jiangsu Academy of Agricultural Sciences",12,602,6.107483824327714,1.0121406643629747e-9,6.680128384795633e-8,****
Shannon_Effective,"Institute of Horticulture, Chengdu Academy of Agriculture and Forestry Sciences","Institute of Vegetable Research, Shanxi Academy of Agricultural Sciences",12,19,4.0747546704950315,4.606288052116057e-5,0.0030401501143965974,**
Shannon_Effective,"Institute of Horticulture, Chengdu Academy of Agriculture and Forestry Sciences","Institute of Vegetables and Flowers, Chinese Academy of Agricultural Sciences",12,107,5.458789519946045,4.793916515792947e-8,3.163984900423345e-6,****
Shannon_Effective,"Institute of Horticulture, Chengdu Academy of Agriculture and Forestry Sciences","Institute of Vegetables and Flowers, Inner Mongolia Academy of Agricultural & Animal Husbandry Sciences",12,22,3.9137526478895888,9.087272474125013e-5,0.005997599832922509,**
Shannon_Effective,"Institute of Horticulture, Chengdu Academy of Agriculture and Forestry Sciences","Institute of Vegetables, Tianjin Academy of Agricultural Sciences",12,12,0.40258440240937565,0.6872539859724445,1,ns
Shannon_Effective,"Institute of Vegetable Crops, Jiangsu Academy of Agricultural Sciences","Institute of Vegetable Research, Shanxi Academy of Agricultural Sciences",602,19,-1.19336184266586,0.23272769208665822,1,ns
Shannon_Effective,"Institute of Vegetable Crops, Jiangsu Academy of Agricultural Sciences","Institute of Vegetables and Flowers, Chinese Academy of Agricultural Sciences",602,107,-1.131703873595585,0.2577589524612805,1,ns
Shannon_Effective,"Institute of Vegetable Crops, Jiangsu Academy of Agricultural Sciences","Institute of Vegetables and Flowers, Inner Mongolia Academy of Agricultural & Animal Husbandry Sciences",602,22,-1.7323882229361838,0.08320446344483588,1,ns
Shannon_Effective,"Institute of Vegetable Crops, Jiangsu Academy of Agricultural Sciences","Institute of Vegetables, Tianjin Academy of Agricultural Sciences",602,12,-5.543734541221892,2.9608761313050993e-8,1.9541782466613654e-6,****
Shannon_Effective,"Institute of Vegetable Research, Shanxi Academy of Agricultural Sciences","Institute of Vegetables and Flowers, Chinese Academy of Agricultural Sciences",19,107,0.6400069043394395,0.5221681107152201,1,ns
Shannon_Effective,"Institute of Vegetable Research, Shanxi Academy of Agricultural Sciences","Institute of Vegetables and Flowers, Inner Mongolia Academy of Agricultural & Animal Husbandry Sciences",19,22,-0.31282233146409427,0.7544156482219958,1,ns
Shannon_Effective,"Institute of Vegetable Research, Shanxi Academy of Agricultural Sciences","Institute of Vegetables, Tianjin Academy of Agricultural Sciences",19,12,-3.629028744276445,2.844895657234277e-4,0.018776311337746227,*
Shannon_Effective,"Institute of Vegetables and Flowers, Chinese Academy of Agricultural Sciences","Institute of Vegetables and Flowers, Inner Mongolia Academy of Agricultural & Animal Husbandry Sciences",107,22,-1.0991416171582655,0.2717062996138789,1,ns
Shannon_Effective,"Institute of Vegetables and Flowers, Chinese Academy of Agricultural Sciences","Institute of Vegetables, Tianjin Academy of Agricultural Sciences",107,12,-4.9189180831217465,8.702387655866949e-7,5.7435758528721864e-5,****
Shannon_Effective,"Institute of Vegetables and Flowers, Inner Mongolia Academy of Agricultural & Animal Husbandry Sciences","Institute of Vegetables, Tianjin Academy of Agricultural Sciences",22,12,-3.4557754828158322,5.487121623672252e-4,0.03621500271623686,*
