.y.,group1,group2,n1,n2,statistic,p,p.adj,p.adj.signif
Shannon_Effective,3_Gen_Cotton_bollworm,4_Gen_Whitefly_Res,12,12,0.51114003238854,0.6092530059341559,1,ns
Shannon_Effective,3_Gen_Cotton_bollworm,5_Gen_Aphids_Res,12,68,3.630050596002226,2.8336566913251534e-4,0.00425048503698773,**
Shannon_Effective,3_Gen_Cotton_bollworm,6_High_Aphids_Res,12,66,2.757094895729116,0.005831742440311257,0.08747613660466885,ns
Shannon_Effective,3_Gen_Cotton_bollworm,General,12,384,1.5459258685211754,0.12212247225191228,1,ns
Shannon_Effective,3_Gen_Cotton_bollworm,Weak,12,24,0.11818686443973468,0.905919597668287,1,ns
Shannon_Effective,4_Gen_Whitefly_Res,5_Gen_Aphids_Res,12,68,2.9636055302936803,0.003040577844996949,0.04560866767495424,*
Shannon_Effective,4_Gen_Whitefly_Res,6_High_Aphids_Res,12,66,2.0921593338063853,0.03642426492174355,0.5463639738261532,ns
Shannon_Effective,4_Gen_Whitefly_Res,General,12,384,0.8341013988946433,0.40422384692361,1,ns
Shannon_Effective,4_Gen_Whitefly_Res,Weak,12,24,-0.4720268061465005,0.6369076550739887,1,ns
Shannon_Effective,5_Gen_Aphids_Res,6_High_Aphids_Res,68,66,-1.5705113233102783,0.11629620217741098,1,ns
Shannon_Effective,5_Gen_Aphids_Res,General,68,384,-5.194462242430639,2.0531243559066212e-7,3.0796865338599317e-6,****
Shannon_Effective,5_Gen_Aphids_Res,Weak,68,24,-4.611177992585465,4.003935123305391e-6,6.005902684958087e-5,****
Shannon_Effective,6_High_Aphids_Res,General,66,384,-3.0922971705474573,0.0019861391107167956,0.029792086660751935,*
Shannon_Effective,6_High_Aphids_Res,Weak,66,24,-3.454584652546899,5.511411648967794e-4,0.00826711747345169,**
Shannon_Effective,General,Weak,384,24,-1.9552847088239218,0.050549475015638966,0.7582421252345845,ns
