.y.,group1,group2,n1,n2,statistic,p,p.adj,p.adj.signif
Shannon_Effective,Green,Orange,12,132,0.31058038322493536,0.7561196420863436,1,ns
Shannon_Effective,Green,Pink,12,152,0.296948708099601,0.7665056686975158,1,ns
Shannon_Effective,Green,Red,12,758,-0.8811788494238363,0.37822102515847966,1,ns
Shannon_Effective,Green,Yellow,12,62,-1.7522721086106774,0.07972702961213746,0.7972702961213746,ns
Shannon_Effective,Orange,Pink,132,152,-0.03868356251978731,0.9691426788089968,1,ns
Shannon_Effective,Orange,Red,132,758,-3.7112808594097,2.0621314640342328e-4,0.002062131464034233,**
Shannon_Effective,Orange,Yellow,132,62,-4.197544339652685,2.6982484051093597e-5,2.6982484051093597e-4,***
Shannon_Effective,Pink,Red,152,758,-3.8867330878406516,1.0160236490373041e-4,0.0010160236490373042,**
Shannon_Effective,Pink,Yellow,152,62,-4.258143200451996,2.0613189559017528e-5,2.0613189559017529e-4,***
Shannon_Effective,Red,Yellow,758,62,-2.2427211032171863,0.02491480491164962,0.24914804911649618,ns
