.y.,group1,group2,n1,n2,statistic,p,p.adj,p.adj.signif
Shannon_Effective,Chengdu,Guangxi,12,109,4.9352922432319,8.003083236022476e-7,5.2820349357748343e-5,****
Shannon_Effective,Chengdu,Haidian (Beijing),12,106,5.448869725350609,5.0690924573910584e-8,3.3456010218780987e-6,****
Shannon_Effective,Chengdu,Heilongjiang,12,135,6.893513322270866,5.4431019165033324e-12,3.5924472648921994e-10,****
Shannon_Effective,Chengdu,Inner Mongolia,12,22,3.9137526478895888,9.087272474125013e-5,0.005997599832922509,**
Shannon_Effective,Chengdu,Jiangsu,12,602,6.107483824327714,1.0121406643629747e-9,6.680128384795633e-8,****
Shannon_Effective,Chengdu,Liaoning,12,15,4.070565296677599,4.689919290520007e-5,0.0030953467317432048,**
Shannon_Effective,Chengdu,Ningxia,12,12,6.417539999185721,1.384939787893637e-10,9.140602600098006e-9,****
Shannon_Effective,Chengdu,Shanxi,12,19,4.0747546704950315,4.606288052116057e-5,0.0030401501143965974,**
Shannon_Effective,Chengdu,Tianjin,12,12,0.40258440240937565,0.6872539859724445,1,ns
Shannon_Effective,Chengdu,Yangling,12,72,3.1874573682013665,0.0014352961493196816,0.09472954585509899,ns
Shannon_Effective,Chengdu,Yunnan,12,12,6.725509234647523,1.7497939387796705e-11,1.1548639995945826e-9,****
Shannon_Effective,Guangxi,Haidian (Beijing),109,106,1.1621335972027973,0.24518120216302838,1,ns
Shannon_Effective,Guangxi,Heilongjiang,109,135,4.469009784352862,7.858253648607884e-6,5.186447408081203e-4,***
Shannon_Effective,Guangxi,Inner Mongolia,109,22,-0.41305698058183676,0.6795648669326428,1,ns
Shannon_Effective,Guangxi,Jiangsu,109,602,2.685007728007701,0.007252812917817194,0.47868565257593476,ns
Shannon_Effective,Guangxi,Liaoning,109,15,0.2739748531136984,0.7841039468234766,1,ns
Shannon_Effective,Guangxi,Ningxia,109,12,3.678693444945153,2.34431844750204e-4,0.015472501753513465,*
Shannon_Effective,Guangxi,Shanxi,109,19,0.005747400126588698,0.9954142634207257,1,ns
Shannon_Effective,Guangxi,Tianjin,109,12,-4.3949206551969695,1.1081322184285584e-5,7.313672641628485e-4,***
Shannon_Effective,Guangxi,Yangling,109,72,-3.3398457020970094,8.382494895345092e-4,0.055324466309277606,ns
Shannon_Effective,Guangxi,Yunnan,109,12,4.092067196725959,4.275447110193373e-5,0.0028217950927276266,**
Shannon_Effective,Haidian (Beijing),Heilongjiang,106,135,3.2128499400766724,0.001314249360696802,0.08674045780598894,ns
Shannon_Effective,Haidian (Beijing),Inner Mongolia,106,22,-1.0887355493249173,0.2762705203909104,1,ns
Shannon_Effective,Haidian (Beijing),Jiangsu,106,602,1.148379302166986,0.25081201436081224,1,ns
Shannon_Effective,Haidian (Beijing),Liaoning,106,15,-0.3011582492010255,0.7632938250309703,1,ns
Shannon_Effective,Haidian (Beijing),Ningxia,106,12,3.153052489826764,0.001615727512499297,0.10663801582495361,ns
Shannon_Effective,Haidian (Beijing),Shanxi,106,19,-0.6305967342980157,0.5283042346988365,1,ns
Shannon_Effective,Haidian (Beijing),Tianjin,106,12,-4.909254901756443,9.142308257462223e-7,6.033923449925067e-5,****
Shannon_Effective,Haidian (Beijing),Yangling,106,72,-4.35925265910587,1.3050736647267344e-5,8.613486187196447e-4,***
Shannon_Effective,Haidian (Beijing),Yunnan,106,12,3.56584733153343,3.62682468658523e-4,0.023937042931462517,*
Shannon_Effective,Heilongjiang,Inner Mongolia,135,22,-2.9228667430657747,0.003468249129686511,0.22890444255930975,ns
Shannon_Effective,Heilongjiang,Jiangsu,135,602,-3.1081210751835897,0.0018828091663120724,0.12426540497659679,ns
Shannon_Effective,Heilongjiang,Liaoning,135,15,-1.8372051468084836,0.06617961616972108,1,ns
Shannon_Effective,Heilongjiang,Ningxia,135,12,1.8039338374414213,0.0712416796280508,1,ns
Shannon_Effective,Heilongjiang,Shanxi,135,19,-2.3427705522537607,0.01914115044042292,1,ns
Shannon_Effective,Heilongjiang,Tianjin,135,12,-6.347906038525979,2.182653170960587e-10,1.4405510928339874e-8,****
Shannon_Effective,Heilongjiang,Yangling,135,72,-7.419064105103024,1.179508167305206e-13,7.78475390421436e-12,****
Shannon_Effective,Heilongjiang,Yunnan,135,12,2.221312794578561,0.026329782872022377,1,ns
Shannon_Effective,Inner Mongolia,Jiangsu,22,602,1.7323882229361838,0.08320446344483588,1,ns
Shannon_Effective,Inner Mongolia,Liaoning,22,15,0.5136514432936772,0.6074957060640666,1,ns
Shannon_Effective,Inner Mongolia,Ningxia,22,12,3.3867954060954912,7.071410110800221e-4,0.04667130673128146,*
Shannon_Effective,Inner Mongolia,Shanxi,22,19,0.31282233146409427,0.7544156482219958,1,ns
Shannon_Effective,Inner Mongolia,Tianjin,22,12,-3.4557754828158322,5.487121623672252e-4,0.03621500271623686,*
Shannon_Effective,Inner Mongolia,Yangling,22,72,-1.6857820261124121,0.09183779096242489,1,ns
Shannon_Effective,Inner Mongolia,Yunnan,22,12,3.737139027315337,1.8612602035433424e-4,0.01228431734338606,*
Shannon_Effective,Jiangsu,Liaoning,602,15,-0.7805825989041457,0.4350480295202701,1,ns
Shannon_Effective,Jiangsu,Ningxia,602,12,2.8791623353140587,0.003987330307691466,0.26316380030763675,ns
Shannon_Effective,Jiangsu,Shanxi,602,19,-1.19336184266586,0.23272769208665822,1,ns
Shannon_Effective,Jiangsu,Tianjin,602,12,-5.543734541221892,2.9608761313050993e-8,1.9541782466613654e-6,****
Shannon_Effective,Jiangsu,Yangling,602,72,-6.308753650289659,2.812914336802802e-10,1.8565234622898493e-8,****
Shannon_Effective,Jiangsu,Yunnan,602,12,3.3104195690051275,9.315622018850686e-4,0.061483105324414526,ns
Shannon_Effective,Liaoning,Ningxia,15,12,2.6941158275430688,0.00705756340926183,0.4657991850112808,ns
Shannon_Effective,Liaoning,Shanxi,15,19,-0.21430992956866596,0.8303053752452482,1,ns
Shannon_Effective,Liaoning,Tianjin,15,12,-3.6462040759871313,2.661426432449961e-4,0.01756541445416974,*
Shannon_Effective,Liaoning,Yangling,15,72,-2.05289385284336,0.040082873342845736,1,ns
Shannon_Effective,Liaoning,Yunnan,15,12,3.0187439053164,0.0025382499339627273,0.16752449564154,ns
Shannon_Effective,Ningxia,Shanxi,12,19,-3.030498148696827,0.0024415068380589365,0.1611394513118898,ns
Shannon_Effective,Ningxia,Tianjin,12,12,-6.014955596776346,1.7993601487529778e-9,1.1875776981769654e-7,****
Shannon_Effective,Ningxia,Yangling,12,72,-5.215074866563037,1.8374300885233252e-7,1.2127038584253947e-5,****
Shannon_Effective,Ningxia,Yunnan,12,12,0.307969235461802,0.7581057418885908,1,ns
Shannon_Effective,Shanxi,Tianjin,19,12,-3.629028744276445,2.844895657234277e-4,0.018776311337746227,*
Shannon_Effective,Shanxi,Yangling,19,72,-1.9721060757627322,0.04859749852764471,1,ns
Shannon_Effective,Shanxi,Yunnan,19,12,3.371469810543419,7.476823283396418e-4,0.04934703367041636,*
Shannon_Effective,Tianjin,Yangling,12,72,2.660350654587216,0.0078059336615688875,0.5151916216635466,ns
Shannon_Effective,Tianjin,Yunnan,12,12,6.322924832238148,2.5665817088339874e-10,1.6939439278304316e-8,****
Shannon_Effective,Yangling,Yunnan,72,12,5.618301247483433,1.928440570847563e-8,1.2727707767593917e-6,****
