.y.,group1,group2,n1,n2,statistic,p,p.adj,p.adj.signif
Simpson_Index,3_Gen_Cotton_bollworm,4_Gen_Whitefly_Res,12,12,-0.8675012411782316,0.38566743201616754,1,ns
Simpson_Index,3_Gen_Cotton_bollworm,5_Gen_Aphids_Res,12,68,-3.440445985698829,5.807563436767727e-4,0.00871134515515159,**
Simpson_Index,3_Gen_Cotton_bollworm,6_High_Aphids_Res,12,66,-2.543121692862049,0.01098669572522592,0.1648004358783888,ns
Simpson_Index,3_Gen_Cotton_bollworm,General,12,384,-1.2605476566881677,0.20747186745290952,1,ns
Simpson_Index,3_Gen_Cotton_bollworm,Weak,12,24,0.28321563384290416,0.7770115447024546,1,ns
Simpson_Index,4_Gen_Whitefly_Res,5_Gen_Aphids_Res,12,68,-2.3093627500977476,0.020923460253202655,0.31385190379803984,ns
Simpson_Index,4_Gen_Whitefly_Res,6_High_Aphids_Res,12,66,-1.414600370483922,0.15718570012478783,1,ns
Simpson_Index,4_Gen_Whitefly_Res,General,12,384,-0.052446995864447406,0.9581725283341138,1,ns
Simpson_Index,4_Gen_Whitefly_Res,Weak,12,24,1.2849197840760769,0.19882031667547384,1,ns
Simpson_Index,5_Gen_Aphids_Res,6_High_Aphids_Res,68,66,1.6155490273681565,0.1061918521348241,1,ns
Simpson_Index,5_Gen_Aphids_Res,General,68,384,5.37909270293584,7.486215524241917e-8,1.1229323286362876e-6,****
Simpson_Index,5_Gen_Aphids_Res,Weak,68,24,4.958859590148606,7.090819122230559e-7,1.063622868334584e-5,****
Simpson_Index,6_High_Aphids_Res,General,66,384,3.2161931940402892,0.001299033499344754,0.019485502490171308,*
Simpson_Index,6_High_Aphids_Res,Weak,66,24,3.7682519607851273,1.6439472537930211e-4,0.0024659208806895316,**
Simpson_Index,General,Weak,384,24,2.2321694585905987,0.025603765146439566,0.38405647719659347,ns
