.y.,group1,group2,n1,n2,statistic,p,p.adj,p.adj.signif
Simpson_Effective,Beijing,Guangxi,106,109,-1.0641000818792998,0.2872833637872508,1,ns
Simpson_Effective,Beijing,Heilongjiang,106,135,3.45970095736381,5.407755906434424e-4,0.035691188982467204,*
Simpson_Effective,Beijing,Inner Mongolia,106,22,-0.7660433988537397,0.4436504796630964,1,ns
Simpson_Effective,Beijing,Jiangsu,106,602,0.7100454951480529,0.47767592415850413,1,ns
Simpson_Effective,Beijing,Liaoning,106,15,0.07740926283497958,0.9382979722185022,1,ns
Simpson_Effective,Beijing,Ningxia,106,12,2.2791326659825044,0.022659180227321295,1,ns
Simpson_Effective,Beijing,Shaanxi,106,72,-4.337839236270219,1.438903390756281e-5,9.496762378991455e-4,***
Simpson_Effective,Beijing,Shanxi,106,19,0.039931779083995395,0.9681475152555907,1,ns
Simpson_Effective,Beijing,Sichuan,106,12,-5.52996104512601,3.203019075710783e-8,2.1139925899691168e-6,****
Simpson_Effective,Beijing,Tianjin,106,12,-4.9886660465446555,6.079764158688709e-7,4.0126443447345476e-5,****
Simpson_Effective,Beijing,Yunnan,106,12,2.9212118380778422,0.0034867265890569958,0.23012395487776172,ns
Simpson_Effective,Guangxi,Heilongjiang,109,135,4.613934476606123,3.951170335119102e-6,2.6077724211786077e-4,***
Simpson_Effective,Guangxi,Inner Mongolia,109,22,-0.14681474102190684,0.8832782491157052,1,ns
Simpson_Effective,Guangxi,Jiangsu,109,602,2.1129823353230353,0.034602279845586476,1,ns
Simpson_Effective,Guangxi,Liaoning,109,15,0.6046301836393873,0.5454247466488249,1,ns
Simpson_Effective,Guangxi,Ningxia,109,12,2.7595798093711577,0.005787574859304344,0.3819799407140867,ns
Simpson_Effective,Guangxi,Shaanxi,109,72,-3.4063698788588064,6.583292338400335e-4,0.04344972943344221,*
Simpson_Effective,Guangxi,Shanxi,109,19,0.6238915226883076,0.5326988279946033,1,ns
Simpson_Effective,Guangxi,Sichuan,109,12,-5.060465499389532,4.1823413489224663e-7,2.7603452902888278e-5,****
Simpson_Effective,Guangxi,Tianjin,109,12,-4.518411380063197,6.230534084756136e-6,4.1121524959390494e-4,***
Simpson_Effective,Guangxi,Yunnan,109,12,3.402559443544909,6.675783126346042e-4,0.04406016863388388,*
Simpson_Effective,Heilongjiang,Inner Mongolia,135,22,-2.733379653218752,0.006268802764482421,0.4137409824558398,ns
Simpson_Effective,Heilongjiang,Jiangsu,135,602,-3.9293640722347796,8.517080495106712e-5,0.00562127312677043,**
Simpson_Effective,Heilongjiang,Liaoning,135,15,-1.571197866681932,0.11613669546618106,1,ns
Simpson_Effective,Heilongjiang,Ningxia,135,12,0.8139627533092056,0.41566628895177193,1,ns
Simpson_Effective,Heilongjiang,Shaanxi,135,72,-7.616173713472636,2.613059678238934e-14,1.7246193876376965e-12,****
Simpson_Effective,Heilongjiang,Shanxi,135,19,-1.7917589902833666,0.07317158058714127,1,ns
Simpson_Effective,Heilongjiang,Sichuan,135,12,-7.081851486648711,1.4224105380053838e-12,9.387909550835533e-11,****
Simpson_Effective,Heilongjiang,Tianjin,135,12,-6.534545369456532,6.38030520428051e-11,4.211001434825137e-9,****
Simpson_Effective,Heilongjiang,Yunnan,135,12,1.4631722592726193,0.14342024946070098,1,ns
Simpson_Effective,Inner Mongolia,Jiangsu,22,602,1.1713839903008607,0.2414444645232677,1,ns
Simpson_Effective,Inner Mongolia,Liaoning,22,15,0.5997559141085302,0.5486689182593241,1,ns
Simpson_Effective,Inner Mongolia,Ningxia,22,12,2.434425203699389,0.014915462146021786,0.9844205016374379,ns
Simpson_Effective,Inner Mongolia,Shaanxi,22,72,-1.9827013458846616,0.04740079917440682,1,ns
Simpson_Effective,Inner Mongolia,Shanxi,22,19,0.6048114359765753,0.5453042941823449,1,ns
Simpson_Effective,Inner Mongolia,Sichuan,22,12,-4.193240388931736,2.749977570697166e-5,0.0018149851966601297,**
Simpson_Effective,Inner Mongolia,Tianjin,22,12,-3.7338372404642426,1.8858438857092513e-4,0.012446569645681058,*
Simpson_Effective,Inner Mongolia,Yunnan,22,12,2.979365012859046,0.002888464666199518,0.1906386679691682,ns
Simpson_Effective,Jiangsu,Liaoning,602,15,-0.20442943999896207,0.8380179261358646,1,ns
Simpson_Effective,Jiangsu,Ningxia,602,12,2.124526941820107,0.03362610564881414,1,ns
Simpson_Effective,Jiangsu,Shaanxi,602,72,-5.912270457045985,3.374238925024873e-9,2.2269976905164162e-7,****
Simpson_Effective,Jiangsu,Shanxi,602,19,-0.2782875209423387,0.7807916547679753,1,ns
Simpson_Effective,Jiangsu,Sichuan,602,12,-6.033831184854604,1.6011733630410518e-9,1.0567744196070941e-7,****
Simpson_Effective,Jiangsu,Tianjin,602,12,-5.468326580354511,4.543042534295511e-8,2.998408072635037e-6,****
Simpson_Effective,Jiangsu,Yunnan,602,12,2.7953233268322397,0.005184783209934836,0.3421956918556992,ns
Simpson_Effective,Liaoning,Ningxia,15,12,1.737207455576602,0.08235055941385096,1,ns
Simpson_Effective,Liaoning,Shaanxi,15,72,-2.409322587854088,0.015982164375911538,1,ns
Simpson_Effective,Liaoning,Shanxi,15,19,-0.033023557650078667,0.9736558015963542,1,ns
Simpson_Effective,Liaoning,Sichuan,15,12,-4.403981397723999,1.0628206077868173e-5,7.014616011392995e-4,***
Simpson_Effective,Liaoning,Tianjin,15,12,-3.9782988621300825,6.941009278191876e-5,0.004581066123606638,**
Simpson_Effective,Liaoning,Yunnan,15,12,2.2421481824370346,0.02495179683464524,1,ns
Simpson_Effective,Ningxia,Shaanxi,12,72,-4.350924207148525,1.3556491008970372e-5,8.947284065920446e-4,***
Simpson_Effective,Ningxia,Shanxi,12,19,-1.8556015330687587,0.06351037501981407,1,ns
Simpson_Effective,Ningxia,Sichuan,12,12,-5.826043295300268,5.675689747330137e-9,3.7459552332378903e-7,****
Simpson_Effective,Ningxia,Tianjin,12,12,-5.4222053835105255,5.886818818282588e-8,3.885300420066508e-6,****
Simpson_Effective,Ningxia,Yunnan,12,12,0.4790288340779791,0.6319181160566812,1,ns
Simpson_Effective,Shaanxi,Shanxi,72,19,2.6071132061110553,0.00913091666421222,0.6026404998380065,ns
Simpson_Effective,Shaanxi,Sichuan,72,12,-3.2771570507953136,0.0010485802717403133,0.06920629793486067,ns
Simpson_Effective,Shaanxi,Tianjin,72,12,-2.748409108146916,0.005988523591153528,0.39524255701613287,ns
Simpson_Effective,Shaanxi,Yunnan,72,12,4.978120176356748,6.420478910620238e-7,4.2375160810093574e-5,****
Simpson_Effective,Shanxi,Sichuan,19,12,-4.594768944391211,4.332290405881522e-6,2.8593116678818045e-4,***
Simpson_Effective,Shanxi,Tianjin,19,12,-4.147655180923481,3.358977900412354e-5,0.0022169254142721533,**
Simpson_Effective,Shanxi,Yunnan,19,12,2.385963786243435,0.01703442837397941,1,ns
Simpson_Effective,Sichuan,Tianjin,12,12,0.40383791178974215,0.6863319157582928,1,ns
Simpson_Effective,Sichuan,Yunnan,12,12,6.305072129378247,2.8805971536080854e-10,1.9011941213813363e-8,****
Simpson_Effective,Tianjin,Yunnan,12,12,5.901234217588505,3.6079227981521804e-9,2.381229046780439e-7,****
