.y.,group1,group2,n1,n2,statistic,p,p.adj,p.adj.signif
Simpson_Effective,3_Gen_Cotton_bollworm,4_Gen_Whitefly_Res,12,12,0.8656313281333263,0.3866923698675481,1,ns
Simpson_Effective,3_Gen_Cotton_bollworm,5_Gen_Aphids_Res,12,68,3.4369133678625445,5.88383764734231e-4,0.008825756471013465,**
Simpson_Effective,3_Gen_Cotton_bollworm,6_High_Aphids_Res,12,66,2.5404716313979963,0.011070307405133616,0.16605461107700423,ns
Simpson_Effective,3_Gen_Cotton_bollworm,General,12,384,1.2567486540598567,0.2088446640558438,1,ns
Simpson_Effective,3_Gen_Cotton_bollworm,Weak,12,24,-0.28429739507564167,0.7761824822510792,1,ns
Simpson_Effective,4_Gen_Whitefly_Res,5_Gen_Aphids_Res,12,68,2.308268200585436,0.020984223952963506,0.3147633592944526,ns
Simpson_Effective,4_Gen_Whitefly_Res,6_High_Aphids_Res,12,66,1.4143828550981925,0.15724952129616127,1,ns
Simpson_Effective,4_Gen_Whitefly_Res,General,12,384,0.05125207387372109,0.9591246573851322,1,ns
Simpson_Effective,4_Gen_Whitefly_Res,Weak,12,24,-1.28384235570914,0.19919712010764484,1,ns
Simpson_Effective,5_Gen_Aphids_Res,6_High_Aphids_Res,68,66,-1.6139606786971818,0.10653595559980399,1,ns
Simpson_Effective,5_Gen_Aphids_Res,General,68,384,-5.379150284049573,7.483821789684622e-8,1.1225732684526932e-6,****
Simpson_Effective,5_Gen_Aphids_Res,Weak,68,24,-4.955811752367031,7.202892897203034e-7,1.080433934580455e-5,****
Simpson_Effective,6_High_Aphids_Res,General,66,384,-3.2183097440541513,0.0012894848513300406,0.019342272769950607,*
Simpson_Effective,6_High_Aphids_Res,Weak,66,24,-3.766367503947864,1.6563992293671905e-4,0.0024845988440507856,**
Simpson_Effective,General,Weak,384,24,-2.2286941784918723,0.025834259866965924,0.3875138980044889,ns
