.y.,group1,group2,n1,n2,statistic,p,p.adj,p.adj.signif
Simpson_Effective,Green,Orange,12,132,0.8112204218023817,0.4172390999612447,1,ns
Simpson_Effective,Green,Pink,12,152,0.6279574671978614,0.5300318031535274,1,ns
Simpson_Effective,Green,Red,12,758,-0.40626711035002444,0.6845463486619142,1,ns
Simpson_Effective,Green,Yellow,12,62,-1.4176256405217125,0.156300090150795,1,ns
Simpson_Effective,Orange,Pink,132,152,-0.47318711006614067,0.6360796931358992,1,ns
Simpson_Effective,Orange,Red,132,758,-3.8467071605281196,1.1971591262251327e-4,0.0011971591262251327,**
Simpson_Effective,Orange,Yellow,132,62,-4.4924777155669435,7.039928694449692e-6,7.039928694449692e-5,****
Simpson_Effective,Pink,Red,152,758,-3.4487777014653873,5.631300916035955e-4,0.005631300916035955,**
Simpson_Effective,Pink,Yellow,152,62,-4.2164327046099634,2.4819730822927133e-5,2.4819730822927134e-4,***
Simpson_Effective,Red,Yellow,758,62,-2.4897950436831913,0.012781678004331278,0.1278167800433128,ns
